01/02/25;0:0:24.824;0.0077;0.0323;10.083;0.3052;-0.3052;-0.8545
01/02/25;0:0:25.330;0.0063;0.0326;10.088;0.3052;-0.2441;-0.7935
01/02/25;0:0:25.836;0.0068;0.0325;10.087;0.3052;-0.3052;-0.7935
01/02/25;0:0:26.342;0.0067;0.0328;10.074;0.3052;-0.2441;-0.7324
01/02/25;0:0:26.848;0.0066;0.0312;10.076;0.3052;-0.3052;-0.7935
01/02/25;0:0:27.354;0.0056;0.0317;10.083;0.3052;-0.3052;-0.7935
01/02/25;0:0:27.860;0.0066;0.0316;10.079;0.3052;-0.3052;-0.7935
01/02/25;0:0:28.366;0.0071;0.0316;10.079;0.3052;-0.3052;-0.7935
01/02/25;0:0:28.872;0.0067;0.0323;10.076;0.3052;-0.3052;-0.8545
01/02/25;0:0:29.378;0.0074;0.0325;10.076;0.3662;-0.3662;-0.7935
01/02/25;0:0:29.884;0.0050;0.0314;10.142;0.3662;-0.3662;-0.7935
01/02/25;0:0:30.390;0.0068;0.0317;10.074;0.3052;-0.3052;-0.7935
01/02/25;0:0:30.896;0.0052;0.0322;10.078;0.3052;-0.3052;-0.8545
01/02/25;0:0:31.402;0.0066;0.0316;10.066;0.3052;-0.3052;-0.7935
01/02/25;0:0:31.908;0.0051;0.0331;10.042;0.3052;-0.3052;-0.7935
01/02/25;0:0:32.414;0.0065;0.0328;10.070;0.3052;-0.3052;-0.7935
01/02/25;0:0:32.920;0.0063;0.0320;10.078;0.3052;-0.3052;-0.8545
01/02/25;0:0:33.426;0.0060;0.0328;10.074;0.3052;-0.2441;-0.7935
01/02/25;0:0:33.932;0.0068;0.0319;10.114;0.3052;-0.3052;-0.7935
01/02/25;0:0:34.438;0.0140;-0.0536;0.9896;21.362;-56.763;-189.819
01/02/25;0:0:34.944;-0.3182;0.7395;-0.8278;498.047;925.903;773.315
01/02/25;0:0:35.450;-0.0111;0.4686;-0.7285;1.013.184;535.889;327.148
01/02/25;0:0:35.957;0.1184;0.5193;-0.9064;-94.604;-126.343;0.5493
01/02/25;0:0:36.463;0.2051;-0.0177;0.7509;-297.241;-1.212.769;496.216
01/02/25;0:0:36.969;0.0878;-0.0688;10.820;764.160;397.339;-90.332
01/02/25;0:0:37.475;-0.1543;0.4401;0.9559;951.538;43.335;176.392
01/02/25;0:0:37.981;-0.1367;10.642;0.6586;-296.631;-144.043;-64.697
01/02/25;0:0:38.488;0.1846;0.3898;11.747;529.175;-2.062.988;-752.563
01/02/25;0:0:38.994;-0.2821;0.2141;10.103;-1.409.302;1.386.719;-166.016
01/02/25;0:0:39.500;-0.6167;0.8856;-0.3278;570.068;-1.008.911;-364.990
01/02/25;0:0:40.006;-0.2527;-0.8143;0.6493;263.062;253.906;255.127
01/02/25;0:0:40.512;-0.2281;0.9050;0.5854;256.348;53.711;130.615
01/02/25;0:0:41.018;-0.2719;0.4991;0.4745;-830.078;283.203;-3.106.079
01/02/25;0:0:41.524;-0.0819;-0.4218;0.8147;95.215;213.013;323.486
01/02/25;0:0:42.030;-0.7513;-0.0776;0.3412;592.041;1.426.392;563.965
01/02/25;0:0:42.536;-0.8640;0.4241;-0.2898;-95.215;-39.062;0.0000
01/02/25;0:0:43.042;-0.0732;-0.7399;14.745;422.974;-700.073;-570.068
01/02/25;0:0:43.548;0.1796;-0.4042;10.299;-853.271;-1.021.729;-828.857
01/02/25;0:0:44.054;-0.2780;-0.1232;0.9918;306.396;137.329;310.669
01/02/25;0:0:44.560;-0.4243;-0.1497;0.9312;73.853;93.994;-65.918
01/02/25;0:0:45.066;-0.3036;0.9709;0.4948;-178.833;-31.738;69.580
01/02/25;0:0:45.572;-0.4050;0.8066;0.4706;190.430;0.0610;-215.454
01/02/25;0:0:46.078;0.0825;-0.1484;10.071;-25.024;-123.901;-206.299
01/02/25;0:0:46.584;-0.0071;-0.2014;0.9755;607.300;851.440;38.452
01/02/25;0:0:47.090;0.0999;-0.0939;11.787;-932.617;-1.326.904;-385.132
01/02/25;0:0:47.596;0.1844;-0.2522;0.9381;-252.686;108.032;-628.662
01/02/25;0:0:48.102;0.2313;-0.0560;10.038;382.080;21.362;1.651.001
01/02/25;0:0:48.608;0.1250;0.0929;0.9707;-32.349;24.414;-170.898
01/02/25;0:0:49.114;-0.0671;0.0106;0.9396;-10.376;135.498;0.4272
01/02/25;0:0:49.620;-0.1171;-0.3318;0.9462;89.111;101.929;128.174
01/02/25;0:0:50.126;-0.1768;-0.2672;0.5925;452.881;381.470;-425.415
01/02/25;0:0:50.632;0.0085;-0.2738;0.9930;79.346;-150.146;-248.413
01/02/25;0:0:51.138;0.3391;-0.1578;0.9497;-93.994;-212.402;-148.926
01/02/25;0:0:51.644;-0.6295;0.9131;0.2095;620.728;707.397;1.408.081
01/02/25;0:0:52.150;-0.1990;0.7748;0.6354;-554.199;-245.972;-560.913
01/02/25;0:0:52.656;-0.4851;-0.2979;0.9519;-201.416;256.958;-138.550
01/02/25;0:0:53.162;-0.2227;-0.7881;0.8480;192.871;408.936;-824.585
01/02/25;0:0:53.668;-0.9323;-0.3065;-0.3457;45.776;565.186;-51.270
01/02/25;0:0:54.174;-0.7412;-0.4462;11.108;-169.678;-932.617;-687.256
01/02/25;0:0:54.680;0.1268;0.1400;16.038;-162.354;-839.233;-116.577
01/02/25;0:0:55.186;-0.0542;11.949;-0.3622;1.332.397;-96.436;-110.474
01/02/25;0:0:55.692;-0.5483;-0.6260;-0.7839;470.581;208.740;-826.416
01/02/25;0:0:56.198;-0.3827;-0.5040;-0.9268;-994.263;106.201;-117.798
01/02/25;0:0:56.705;0.0332;-0.5925;0.8325;-578.003;-296.021;-399.780
01/02/25;0:0:57.211;0.0160;-0.5099;0.8059;223.999;-14.038;-71.411
01/02/25;0:0:57.717;-0.3489;10.409;0.1333;131.226;839.233;1.275.024
01/02/25;0:0:58.223;-0.0186;-0.6221;0.1475;-461.426;623.169;-5.008.545
01/02/25;0:0:58.730;-0.4735;-0.0975;0.8442;91.553;-47.607;568.237
01/02/25;0:0:59.236;-0.2255;10.934;0.0867;-402.832;-87.891;-219.727
01/02/25;0:0:59.742;-0.0659;-0.0686;0.7141;-1.127.319;-1.948.242;-2.969.971
01/02/25;0:1:0.248;-0.2524;0.0818;10.729;46.387;139.771;12.817
01/02/25;0:1:0.754;-0.4186;0.3201;0.8077;75.684;104.370;281.982
01/02/25;0:1:1.260;-0.2509;10.693;0.3207;-266.113;275.879;836.182
01/02/25;0:1:1.766;-0.4718;0.3584;0.5930;-1.766.357;300.903;-1.491.089
01/02/25;0:1:2.272;-0.4531;-0.3436;0.9167;166.626;-104.980;-67.139
01/02/25;0:1:2.778;-0.3538;0.6600;0.7684;-347.900;53.101;-429.077
01/02/25;0:1:3.284;-0.1388;-0.3431;10.005;-81.177;-276.489;233.154
01/02/25;0:1:3.790;-0.4498;0.6870;0.3625;673.218;943.604;1.395.874
01/02/25;0:1:4.296;-0.3123;0.9152;0.4082;-584.106;-888.062;-1.392.212
01/02/25;0:1:4.802;0.0626;-0.4442;0.9911;114.746;70.190;317.383
01/02/25;0:1:5.308;-0.0223;-0.3892;0.9827;119.629;84.229;54.321
01/02/25;0:1:5.814;-0.3866;0.3134;-0.1382;-1.050.415;2.299.805;2.700.806
01/02/25;0:1:6.321;0.1062;-0.7911;0.6021;-1.063.232;-2.866.821;-3.532.104
01/02/25;0:1:6.827;-0.0829;-0.2638;10.734;89.111;58.594;-32.959
01/02/25;0:1:7.333;-0.6617;0.5254;0.7274;-358.276;2.648.926;-581.055
01/02/25;0:1:7.839;-0.9482;0.0797;-0.2494;-107.422;-377.808;174.561
01/02/25;0:1:8.345;-0.0826;0.0778;10.013;150.757;96.436;209.961
01/02/25;0:1:8.851;-0.8514;0.3534;0.1865;-86.060;104.370;139.771
01/02/25;0:1:9.357;-0.0991;0.4832;11.287;1.827.393;-2.893.066;-2.333.984
01/02/25;0:1:9.863;-0.1108;0.0521;0.9727;61.035;164.185;81.787
01/02/25;0:1:10.369;-0.1196;-0.0616;0.9971;-87.280;-16.479;10.376
01/02/25;0:1:10.876;-0.3431;0.3649;0.7808;0.4883;47.607;36.621
01/02/25;0:1:11.382;-0.3911;0.1534;0.9056;25.635;128.784;506.592
01/02/25;0:1:11.888;-0.4381;0.0887;0.8853;17.700;12.817;22.583
01/02/25;0:1:12.394;-0.1440;-0.1561;12.004;421.143;-181.885;-341.187
01/02/25;0:1:12.900;-0.3358;0.1621;0.9518;24.414;33.569;51.880
01/02/25;0:1:13.406;-0.3407;0.1687;0.9618;-137.939;-46.997;-89.722
01/02/25;0:1:13.912;-0.3636;0.1997;0.9126;-0.1221;35.400;0.2441
01/02/25;0:1:14.418;-0.4020;0.4286;0.7255;-208.130;81.787;-615.234
01/02/25;0:1:14.924;-0.5388;-0.0736;0.8333;330.200;239.868;-2.523.193
01/02/25;0:1:15.430;-0.5399;0.0894;0.8467;-229.492;-53.101;-251.465
01/02/25;0:1:15.937;-0.7023;0.0306;0.5179;332.031;277.710;786.133
01/02/25;0:1:16.443;-0.5538;0.2661;0.8058;-0.6714;-21.973;-72.021
01/02/25;0:1:16.949;0.0081;0.0662;0.9449;1.097.412;405.273;48.218
01/02/25;0:1:17.455;-0.0148;0.1335;10.179;-12.817;59.204;56.763
01/02/25;0:1:17.961;-0.0333;0.2733;0.8503;23.193;-439.453;-440.674
01/02/25;0:1:18.467;0.0924;-0.1179;0.9940;-159.912;-85.449;37.842
01/02/25;0:1:18.974;-0.3053;0.5178;0.5164;523.682;495.605;1.560.669
01/02/25;0:1:19.481;0.4956;12.323;10.454;-465.088;236.816;-3.464.355
01/02/25;0:1:19.987;-0.1560;0.0872;11.045;-15.259;171.509;31.128
01/02/25;0:1:20.493;-0.3986;0.2587;0.9293;3.906.250;-377.197;-895.386
01/02/25;0:1:20.999;-0.4590;0.7538;-0.4532;323.486;106.812;159.302
01/02/25;0:1:21.506;-0.2002;0.3961;0.6805;-4.183.960;-435.791;165.405
01/02/25;0:1:22.012;-0.1156;0.5406;0.9519;2.759.399;-230.103;-601.196
01/02/25;0:1:22.518;-0.3564;0.7456;-0.5660;-101.929;26.245;111.694
01/02/25;0:1:23.024;-0.2997;-0.0793;0.6056;-8.020.630;-336.914;377.197
01/02/25;0:1:23.530;-0.3986;-0.4576;10.555;639.038;205.688;-22.583
01/02/25;0:1:24.037;-0.2926;-0.0197;0.9370;0.0000;28.687;-27.466
01/02/25;0:1:24.543;-0.3969;-0.0769;0.9211;-54.321;78.735;51.880
01/02/25;0:1:25.049;-0.3955;0.0374;0.9272;254.517;95.825;-17.700
01/02/25;0:1:25.555;-0.2780;0.1556;0.9723;-14.648;-167.236;-84.839
01/02/25;0:1:26.061;0.2260;-0.1597;10.248;-191.040;-234.375;-207.520
01/02/25;0:1:26.567;0.1182;-0.2577;10.377;237.427;479.736;-18.311
01/02/25;0:1:27.073;-0.2991;0.2849;0.7797;-518.188;-138.550;-288.086
01/02/25;0:1:27.580;-0.0006;-0.1073;0.9508;460.815;639.648;435.181
01/02/25;0:1:28.086;-0.1780;0.1073;0.9871;23.804;-13.428;-18.311
01/02/25;0:1:28.592;-0.2113;-0.0566;10.294;-313.721;339.966;462.646
01/02/25;0:1:29.098;-0.6659;-0.2002;0.4850;-388.794;340.576;-383.911
01/02/25;0:1:29.604;0.0460;-0.4529;0.9880;148.315;795.288;415.649
01/02/25;0:1:30.110;-0.5604;0.1755;0.7939;-10.376;155.640;50.659
01/02/25;0:1:30.616;-0.0828;-0.2103;14.211;246.582;-582.886;-858.154
01/02/25;0:1:31.122;-0.2610;-0.0660;0.9371;-276.489;-302.124;-48.218
01/02/25;0:1:31.628;0.0151;-0.1458;0.9723;-70.190;0.7935;12.207
01/02/25;0:1:32.134;-0.0973;0.2380;0.8669;-982.056;416.260;1.016.235
01/02/25;0:1:32.640;-0.1010;-0.0762;0.9862;-328.369;231.934;-701.294
01/02/25;0:1:33.146;-0.1348;0.5645;0.8170;25.635;177.002;111.084
01/02/25;0:1:33.652;0.8563;-13.579;19.742;-1.929.932;-3.718.872;-2.185.669
01/02/25;0:1:34.159;-0.0013;-0.2443;10.305;-30.518;-60.425;-102.539
01/02/25;0:1:34.665;-0.0802;-0.2927;10.508;-140.991;137.329;255.737
01/02/25;0:1:35.172;-0.3694;0.1864;0.7461;-100.098;126.343;1.079.102
01/02/25;0:1:35.678;-0.3058;0.8248;0.4478;1.958.618;-899.048;64.697
01/02/25;0:1:36.184;-0.0608;12.515;0.5577;-4.160.767;646.362;1.026.611
01/02/25;0:1:36.690;-0.0673;-0.5984;0.7966;316.162;-71.411;-175.781
01/02/25;0:1:37.196;0.6774;0.1625;0.1444;1.437.378;2.426.147;5.103.760
01/02/25;0:1:37.702;0.1364;11.962;0.3669;-660.400;-27.466;-1.370.850
01/02/25;0:1:38.208;0.0422;-0.3157;0.8969;0.4272;-55.542;-125.732
01/02/25;0:1:38.714;-0.4016;0.8240;0.4506;222.778;-70.190;1.684.570
01/02/25;0:1:39.220;-0.8433;-0.0044;-0.0979;-59.204;1.689.453;-1.068.115
01/02/25;0:1:39.727;-0.6035;-0.3518;-0.8035;81.177;-105.591;-97.656
01/02/25;0:1:40.234;0.2739;0.8424;15.481;601.196;311.890;-582.886
01/02/25;0:1:40.740;-0.7648;-0.4438;-0.2748;77.515;1.714.478;-689.087
01/02/25;0:1:41.246;-0.4845;-0.4717;-0.4772;281.982;238.037;-165.405
01/02/25;0:1:41.752;-0.1727;0.6600;10.645;1.300.049;-1.858.521;2.039.795
01/02/25;0:1:42.258;0.0736;0.9045;10.848;-1.409.912;1.350.098;-1.228.027
01/02/25;0:1:42.764;-0.4878;-0.7147;0.3104;166.626;-84.839;-263.062
01/02/25;0:1:43.270;0.0138;-0.1436;0.9460;673.218;79.956;-806.885
01/02/25;0:1:43.776;0.1620;-10.757;10.519;-897.217;-346.680;2.049.561
01/02/25;0:1:44.282;-0.0089;0.7496;0.5892;-61.035;18.311;112.915
01/02/25;0:1:44.788;13.306;-11.802;-0.0470;2.203.979;-2.459.106;-7.066.650
01/02/25;0:1:45.294;-0.1042;-0.5096;0.8937;-379.028;-54.321;536.499
01/02/25;0:1:45.800;-0.3040;-0.5751;0.6827;177.612;-189.819;449.829
01/02/25;0:1:46.306;0.3395;-0.1235;16.097;-0.0610;1.582.642;-40.894
01/02/25;0:1:46.812;-0.2758;0.9557;0.6270;-321.655;219.116;55.542
01/02/25;0:1:47.318;0.0497;0.7194;14.869;1.346.436;-981.445;-134.277
01/02/25;0:1:47.824;0.2460;0.5647;0.6580;300.903;674.438;-502.319
01/02/25;0:1:48.330;-0.4857;0.0726;0.4628;261.841;1.803.589;-314.331
01/02/25;0:1:48.836;-0.5663;0.1023;-0.3933;2.414.551;-2.300.415;380.859
01/02/25;0:1:49.342;0.2231;0.5198;0.8455;67.139;-62.866;42.114
01/02/25;0:1:49.848;0.3835;0.5962;0.8236;-28.076;-70.801;45.166
01/02/25;0:1:50.354;0.1868;0.2942;0.9506;-750.122;224.609;26.245
01/02/25;0:1:50.860;-0.0547;0.1172;0.9084;164.185;-750.732;-1.113.281
01/02/25;0:1:51.366;0.0001;0.1647;10.072;478.516;433.960;92.773
01/02/25;0:1:51.872;0.0774;0.2656;0.9252;216.064;-446.777;67.749
01/02/25;0:1:52.378;-0.2926;0.6094;0.5388;1.564.941;790.405;-216.675
01/02/25;0:1:52.884;-0.4056;0.9532;-0.3120;-947.266;498.047;-1.034.546
01/02/25;0:1:53.390;-0.3652;0.6309;0.6749;-553.589;-245.972;-384.521
01/02/25;0:1:53.896;-0.1749;0.4099;0.9993;288.696;-693.970;129.395
01/02/25;0:1:54.402;-0.2031;0.6233;0.7932;55.542;167.236;-50.049
01/02/25;0:1:54.908;-0.2975;0.3123;0.7595;206.909;-499.878;-526.123
01/02/25;0:1:55.414;-0.2554;0.2377;0.9990;-281.982;393.066;132.446
01/02/25;0:1:55.920;-0.1838;0.3484;0.7935;828.247;-1.550.293;-1.854.248
01/02/25;0:1:56.426;-0.6869;0.6226;-0.4885;734.253;1.609.497;718.994
01/02/25;0:1:56.932;-0.3918;0.6423;-0.0856;-1.049.805;-2.615.356;-82.397
01/02/25;0:1:57.439;0.1173;0.3346;0.9899;-280.151;-316.772;-57.373
01/02/25;0:1:57.945;-0.4573;0.6543;0.3358;3.386.230;-664.063;116.577
01/02/25;0:1:58.451;-0.4786;0.6730;0.1077;-7.203.369;659.790;1.326.904
01/02/25;0:1:58.957;-0.4821;0.5193;0.7753;2.789.307;-427.856;-619.507
01/02/25;0:1:59.463;-0.4915;0.3722;0.0767;-9.278.564;1.551.514;527.954
01/02/25;0:1:59.969;-0.4314;0.5076;0.7571;-62.256;-153.198;-34.180
01/02/25;0:2:0.475;-0.1096;0.4047;12.441;-748.901;-1.942.749;-1.480.713
01/02/25;0:2:0.981;-0.1320;0.2833;0.9995;-154.419;373.535;86.670
01/02/25;0:2:1.487;-0.2942;0.8905;0.3918;-410.156;-328.369;-371.704
01/02/25;0:2:1.993;-0.1439;0.2634;11.442;325.317;-575.562;-1.008.911
01/02/25;0:2:2.499;-0.0499;0.1301;11.132;296.021;144.043;-89.722
01/02/25;0:2:3.005;-0.3494;0.4623;0.5530;-1.132.202;-618.896;-1.046.753
01/02/25;0:2:3.511;-0.4015;0.0134;0.8435;-322.876;-120.850;-437.012
01/02/25;0:2:4.017;-0.1398;0.1792;0.9744;-124.512;-62.866;95.215
01/02/25;0:2:4.523;-0.1244;0.1528;0.9791;-75.073;-217.285;-186.157
01/02/25;0:2:5.029;-0.3330;0.5521;0.3705;-113.525;1.813.965;1.917.725
01/02/25;0:2:5.535;0.2013;-0.5344;10.745;-288.696;-491.333;-604.858
01/02/25;0:2:6.042;-0.0775;0.3157;0.9685;241.699;78.735;270.996
01/02/25;0:2:6.548;-0.1833;0.0369;0.9633;224.609;144.043;-159.302
01/02/25;0:2:7.054;-0.1877;-0.1909;0.9961;184.326;-48.828;-62.256
01/02/25;0:2:7.560;-0.2046;-0.0695;10.990;373.535;167.847;29.297
01/02/25;0:2:8.066;-0.3689;0.0529;0.9419;-13.428;-53.101;-29.907
01/02/25;0:2:8.573;-0.4242;-0.1754;0.6334;915.527;993.652;-175.781
01/02/25;0:2:9.080;-0.1462;0.2856;11.843;93.994;-1.812.744;-2.036.133
01/02/25;0:2:9.587;-0.1833;0.0790;0.9302;-0.4883;49.438;-319.824
01/02/25;0:2:10.093;-0.7805;0.8021;0.9333;-1.026.001;600.586;1.941.528
01/02/25;0:2:10.600;-0.3270;0.3684;0.9045;-191.650;-271.606;-135.498
01/02/25;0:2:11.106;-0.2865;0.2458;0.9409;-111.694;-60.425;0.9155
01/02/25;0:2:11.612;-0.3916;-0.1765;0.8838;-1.984.863;-766.602;-34.790
01/02/25;0:2:12.119;-0.8531;-0.2732;0.0182;705.566;-984.497;332.642
01/02/25;0:2:12.626;-0.0634;0.0876;10.063;-55.542;-84.229;-400.391
01/02/25;0:2:13.133;-0.3726;0.2573;10.719;-415.039;1.093.750;1.145.020
01/02/25;0:2:13.639;-0.2399;0.4983;13.768;3.679.199;336.304;-878.296
01/02/25;0:2:14.145;-0.6031;0.4281;-0.5431;650.635;228.882;230.103
01/02/25;0:2:14.651;-0.1525;0.6417;0.7529;-1.978.760;-100.708;59.204
01/02/25;0:2:15.158;-0.0896;-0.3437;0.9321;191.650;34.790;-115.967
01/02/25;0:2:15.664;-0.2754;0.1644;10.480;-58.594;219.727;377.197
01/02/25;0:2:16.170;-0.3380;-0.0571;10.068;-225.220;-59.204;10.376
01/02/25;0:2:16.676;-0.4139;-0.0707;0.9597;-25.635;-48.218;76.294
01/02/25;0:2:17.183;-0.4537;0.0873;0.7434;231.934;-242.310;-78.125
01/02/25;0:2:17.689;-0.5140;0.0942;0.8286;-491.943;56.763;1.094.971
01/02/25;0:2:18.195;-0.4357;-0.0787;10.027;338.745;10.986;-305.786
01/02/25;0:2:18.701;0.2767;-0.3136;10.869;86.670;12.207;-290.527
01/02/25;0:2:19.207;-0.4730;0.1062;0.7830;185.547;1.196.899;948.486
01/02/25;0:2:19.713;-0.1045;0.6021;0.7891;2.359.619;-402.222;135.498
01/02/25;0:2:20.219;-0.0897;0.6522;0.5009;-1.644.287;-699.463;-255.737
01/02/25;0:2:20.726;-0.0728;0.4088;0.9772;-71.411;252.686;18.311
01/02/25;0:2:21.232;-0.1635;0.3823;0.9036;0.1221;0.9155;-17.090
01/02/25;0:2:21.738;-0.1545;0.3621;0.9139;0.7935;16.479;-0.4272
01/02/25;0:2:22.244;-0.1458;0.3824;0.9409;18.921;-0.3662;-42.114
01/02/25;0:2:22.750;-0.1644;0.3556;0.9209;-20.142;-10.986;0.7935
01/02/25;0:2:23.256;-0.1550;0.3584;0.9269;-16.479;-0.7935;0.1221
01/02/25;0:2:23.762;0.1292;0.2672;0.9155;0.4272;-156.250;-83.008
01/02/25;0:2:24.268;0.2871;0.0667;0.9753;62.256;187.988;27.466
01/02/25;0:2:24.774;0.1156;0.1235;10.178;237.427;397.949;55.542
01/02/25;0:2:25.280;0.0531;0.1947;10.985;-785.522;-860.596;22.583
01/02/25;0:2:25.786;0.1981;-0.0011;0.9897;64.087;39.673;-60.425
01/02/25;0:2:26.292;0.0194;0.1412;0.9285;-93.994;95.825;144.043
01/02/25;0:2:26.798;-0.1248;0.2524;0.9961;-221.558;258.179;637.817
01/02/25;0:2:27.304;-0.2776;-0.1084;0.9570;-98.267;67.749;-54.321
01/02/25;0:2:27.810;-0.2911;-0.0272;0.9696;69.580;-29.907;-29.297
01/02/25;0:2:28.317;-0.2812;0.1216;0.9587;76.904;0.1221;-23.193
01/02/25;0:2:28.823;-0.2993;0.3046;0.8781;-141.602;-280.151;-251.465
01/02/25;0:2:29.329;0.2882;-0.0104;0.9338;-175.171;-165.405;-192.261
01/02/25;0:2:29.835;0.1553;0.0953;10.746;927.124;1.054.077;226.440
01/02/25;0:2:30.341;0.0497;-0.0380;0.9973;-245.972;-286.865;-316.162
01/02/25;0:2:30.847;0.1083;0.0796;0.9513;430.298;507.813;487.061
01/02/25;0:2:31.353;-0.0750;0.1771;0.9788;-15.869;-0.6104;12.817
01/02/25;0:2:31.859;-0.0774;0.1656;0.9937;16.479;-0.0610;-20.752
01/02/25;0:2:32.365;-0.0803;0.1694;0.9795;0.3662;-0.0610;-0.7324
01/02/25;0:2:32.871;-0.0544;0.1516;0.9902;-148.926;-38.452;-98.877
01/02/25;0:2:33.377;0.1588;0.0249;10.321;-67.749;37.842;70.801
01/02/25;0:2:33.883;-0.0286;0.0696;10.411;154.419;264.893;137.329
01/02/25;0:2:34.389;0.0787;-0.2423;0.9442;-443.115;3.294.067;2.919.312
01/02/25;0:2:34.895;-0.0352;11.155;0.6215;-776.367;415.649;-1.217.041
01/02/25;0:2:35.401;-0.2610;0.1603;0.9084;19.531;42.725;177.612
01/02/25;0:2:35.907;-0.6887;0.4972;-0.0005;-55.542;1.254.883;1.226.807
01/02/25;0:2:36.413;-0.0413;-0.3751;13.378;55.542;0.7324;64.697
01/02/25;0:2:36.919;-0.0813;-0.0973;10.302;32.349;-10.986;-35.400
01/02/25;0:2:37.425;0.1820;-0.2303;0.9697;-220.947;-362.549;-67.749
01/02/25;0:2:37.931;-0.0695;-0.0397;11.261;-53.101;726.318;654.297
01/02/25;0:2:38.437;-0.2952;0.1035;0.7977;863.037;154.419;252.075
01/02/25;0:2:38.943;-0.2910;0.1324;0.9270;-285.645;-192.261;95.215
01/02/25;0:2:39.450;-0.2336;0.0153;0.9302;-164.185;-177.612;-59.814
01/02/25;0:2:39.957;-0.2781;0.0879;0.9210;0.9155;10.986;28.687
01/02/25;0:2:40.463;-0.1061;-0.0997;0.9705;-49.438;71.411;-64.087
01/02/25;0:2:40.969;-0.1949;-0.2177;0.9691;-139.160;162.964;61.646
01/02/25;0:2:41.475;-0.0973;-0.1256;10.901;773.315;193.481;175.171
01/02/25;0:2:41.981;-0.1228;0.7684;0.8467;6.815.186;379.639;-1.132.813
01/02/25;0:2:42.487;-0.0630;0.3401;0.9766;-3.029.785;-122.681;393.677
01/02/25;0:2:42.993;0.0740;0.0166;10.098;797.729;51.880;-82.397
01/02/25;0:2:43.499;-0.1052;0.1978;0.9421;-40.283;256.348;385.742
01/02/25;0:2:44.005;-0.2493;0.0812;0.9447;209.961;471.802;215.454
01/02/25;0:2:44.511;-0.4382;0.2456;0.8153;-74.463;-78.125;0.5493
01/02/25;0:2:45.017;-0.2412;0.4525;0.9006;628.052;-949.707;-1.161.499
01/02/25;0:2:45.523;-0.2572;0.1847;0.9254;-139.771;-47.607;-0.7935
01/02/25;0:2:46.029;-0.1603;0.1014;0.9895;-30.518;-0.9155;54.932
01/02/25;0:2:46.535;-0.2430;0.1576;0.9547;-26.245;-10.986;36.011
01/02/25;0:2:47.041;-0.2306;0.1364;0.9723;-16.479;-0.6714;46.387
01/02/25;0:2:47.547;-0.2451;0.1128;0.9546;-10.986;23.804;37.231
01/02/25;0:2:48.053;-0.2257;0.1096;0.9695;0.5493;-0.4883;39.062
01/02/25;0:2:48.559;-0.6801;0.1627;0.6849;2.276.611;-114.136;327.148
01/02/25;0:2:49.065;-0.1705;0.0474;10.011;-23.193;161.743;-230.713
01/02/25;0:2:49.571;-0.1466;0.1805;10.062;0.2441;-0.8545;-0.7935
01/02/25;0:2:50.077;-0.2278;0.1248;0.9923;383.301;661.011;173.950
01/02/25;0:2:50.583;-0.3151;0.2996;0.9340;-18.311;-38.452;-32.349
01/02/25;0:2:51.089;0.1438;-0.1044;10.171;-192.261;-152.588;-319.214
01/02/25;0:2:51.596;0.0602;0.0225;0.9999;65.308;80.566;79.346
01/02/25;0:2:52.102;0.0283;-0.0187;10.032;39.673;61.035;25.024
01/02/25;0:2:52.608;-0.0757;0.0793;10.166;211.182;223.999;11.597
01/02/25;0:2:53.114;-0.1205;0.1089;0.9988;11.597;10.986;36.011
01/02/25;0:2:53.620;-0.2909;0.4441;0.9385;-0.3662;416.870;821.533
01/02/25;0:2:54.126;-0.3811;0.5891;-0.4729;1.576.538;391.846;-74.463
01/02/25;0:2:54.632;-0.1709;0.7379;0.6958;-1.275.635;21.362;205.688
01/02/25;0:2:55.138;-0.1370;0.4879;0.8817;-61.646;-32.349;-15.259
01/02/25;0:2:55.644;-0.1339;0.4690;0.8878;-27.466;-43.335;-44.556
01/02/25;0:2:56.150;0.0018;0.7899;0.5186;108.643;-531.616;135.498
01/02/25;0:2:56.656;-0.2368;0.3630;0.9417;-267.944;440.674;346.680
01/02/25;0:2:57.162;-0.5084;0.1787;0.7277;-335.693;-291.748;-104.980
01/02/25;0:2:57.668;-0.3439;0.2235;0.9702;170.288;83.618;-46.997
01/02/25;0:2:58.174;-0.2502;0.6732;0.7693;2.755.127;-401.001;-725.098
01/02/25;0:2:58.680;-0.3055;0.9135;-0.4684;-5.810.547;834.351;84.229
01/02/25;0:2:59.186;-0.2123;-0.5378;0.9011;-379.639;11.597;-26.245
01/02/25;0:2:59.692;-0.2169;0.9756;0.1906;-0.1831;20.752;-34.180
01/02/25;0:3:0.198;-0.1930;-0.1605;10.975;-825.195;245.972;-134.888
01/02/25;0:3:0.705;-0.3080;-0.4888;10.343;3.710.937;532.837;239.868
01/02/25;0:3:1.211;-0.3223;0.7311;0.5992;1.734.619;-162.354;-250.244
01/02/25;0:3:1.717;-0.2952;0.8041;0.5186;-159.912;0.7324;57.373
01/02/25;0:3:2.223;-0.2571;0.7240;0.6334;-109.863;-66.528;38.452
01/02/25;0:3:2.729;-0.2493;0.6910;0.6796;-70.801;-10.376;13.428
01/02/25;0:3:3.235;-0.1927;0.4956;0.8362;-76.904;-46.387;-10.986
01/02/25;0:3:3.741;-0.1733;0.4183;0.8789;-47.607;0.1831;-25.024
01/02/25;0:3:4.247;-0.1483;0.3961;0.9275;-0.6104;-17.700;-15.869
01/02/25;0:3:4.753;-0.2277;0.7598;-0.5637;-139.160;142.822;-86.670
01/02/25;0:3:5.259;-0.2750;0.2893;0.9799;-1.122.437;570.068;343.018
01/02/25;0:3:5.765;-0.3458;0.2560;0.9325;-180.664;-95.825;-0.7324
01/02/25;0:3:6.272;-0.4656;-0.4349;0.7523;-25.635;281.982;70.190
01/02/25;0:3:6.778;-0.6952;-0.2075;0.7466;-187.378;432.739;172.729
01/02/25;0:3:7.284;-0.8152;-0.2924;0.4572;-173.950;-579.224;81.787
01/02/25;0:3:7.790;-0.6046;-0.2594;0.8088;188.599;-159.912;-35.400
01/02/25;0:3:8.296;0.2284;-0.8896;13.187;369.873;1.130.981;772.705
01/02/25;0:3:8.802;-0.1266;0.9253;0.4894;-173.340;-0.9155;62.256
01/02/25;0:3:9.308;-0.2271;-0.1085;0.8004;169.067;12.207;-111.084
01/02/25;0:3:9.814;-0.2756;0.9044;0.5421;81.177;-109.253;31.738
01/02/25;0:3:10.320;-0.2201;-0.0630;0.8527;166.626;39.062;559.692
01/02/25;0:3:10.826;-0.9462;-0.3828;-0.2179;-156.860;690.918;-126.343
01/02/25;0:3:11.332;-0.0071;-0.0645;0.9879;145.874;-84.229;124.512
01/02/25;0:3:11.839;-0.8086;-0.1310;-0.3569;-97.046;304.565;155.029
01/02/25;0:3:12.345;0.6735;0.9111;31.752;625.000;-4.608.154;703.125
01/02/25;0:3:12.851;-0.0300;0.0367;15.260;-343.018;-72.021;-835.571
01/02/25;0:3:13.357;-0.2805;0.0164;12.407;794.678;263.062;396.729
01/02/25;0:3:13.863;-0.2694;0.3993;0.6182;209.351;31.738;-200.195
01/02/25;0:3:14.369;0.1177;0.5339;0.9252;112.305;-51.270;-30.518
01/02/25;0:3:14.875;0.4508;0.2729;10.471;-123.901;357.056;390.015
01/02/25;0:3:15.381;-0.4307;0.7908;0.7145;135.498;144.653;-24.414
01/02/25;0:3:15.887;-0.4056;0.3926;0.5374;-1.074.829;-394.897;-215.454
01/02/25;0:3:16.393;0.1227;0.2246;10.389;87.280;-242.920;-203.857
01/02/25;0:3:16.899;0.2245;0.3105;11.097;-18.921;122.681;79.956
01/02/25;0:3:17.405;-0.2865;0.6256;0.5996;619.507;140.991;-31.738
01/02/25;0:3:17.911;-0.1254;0.8328;0.7953;-147.705;67.749;-149.536
01/02/25;0:3:18.417;-0.3682;0.5106;0.7723;-139.771;-39.673;-88.501
01/02/25;0:3:18.923;-0.3859;0.3444;0.7509;-0.8545;-17.090;-37.842
01/02/25;0:3:19.429;0.0997;0.5649;10.560;-0.5493;-369.263;-17.700
01/02/25;0:3:19.936;0.1484;0.5713;0.7467;150.757;-70.190;-152.588
01/02/25;0:3:20.442;0.2537;0.5278;0.9926;-81.177;-88.501;0.6714
01/02/25;0:3:20.948;0.0720;0.0085;11.162;92.773;-184.326;-44.556
01/02/25;0:3:21.454;0.1887;0.0643;10.834;787.354;206.909;134.888
01/02/25;0:3:21.961;0.0992;0.2516;0.9233;361.328;50.049;355.835
01/02/25;0:3:22.467;0.2073;0.4519;0.6854;-112.915;185.547;277.100
01/02/25;0:3:22.973;0.3323;0.5638;0.9875;-59.204;-102.539;44.556
01/02/25;0:3:23.479;0.1763;0.3352;0.9304;-177.612;-231.934;-299.683
01/02/25;0:3:23.985;0.4109;0.1173;13.171;-240.479;-385.132;-540.161
01/02/25;0:3:24.491;0.5353;0.1655;0.8660;84.229;176.392;159.302
01/02/25;0:3:24.997;0.2068;0.5177;0.9323;286.255;131.226;54.321
01/02/25;0:3:25.503;0.3159;0.1587;12.920;-473.633;-242.920;-484.009
01/02/25;0:3:26.009;0.1313;0.1299;0.8684;670.776;-76.294;117.187
01/02/25;0:3:26.515;0.2042;0.4010;0.8591;131.836;424.194;347.290
01/02/25;0:3:27.021;-0.0632;0.4661;0.9110;-366.211;1.091.919;-385.742
01/02/25;0:3:27.527;0.1989;0.2281;12.603;-236.816;272.827;-133.667
01/02/25;0:3:28.033;0.2631;0.4919;0.7917;260.010;23.804;360.107
01/02/25;0:3:28.539;0.4253;0.5359;14.526;-698.242;33.569;-0.7935
01/02/25;0:3:29.045;-0.1398;0.1038;0.7532;-0.4272;47.607;62.256
01/02/25;0:3:29.551;0.3032;0.2538;0.9524;174.561;-379.028;213.013
01/02/25;0:3:30.057;0.4370;0.2368;12.168;-67.139;314.331;46.387
01/02/25;0:3:30.563;0.0612;0.1021;0.6532;174.561;-189.209;-98.877
01/02/25;0:3:31.069;0.3936;0.2041;0.9276;-23.193;-166.016;38.452
01/02/25;0:3:31.575;0.5675;0.3549;13.499;-59.204;417.480;36.011
01/02/25;0:3:32.081;-0.1091;0.0920;0.6216;115.356;-505.371;31.128
01/02/25;0:3:32.587;0.3729;0.1378;10.134;-52.490;-217.285;-157.471
01/02/25;0:3:33.093;0.2469;0.4176;0.7966;-0.0610;-153.809;-1.126.099
01/02/25;0:3:33.599;0.2178;-0.0959;12.047;-233.154;323.486;1.034.546
01/02/25;0:3:34.105;0.1677;0.3141;11.517;104.370;-153.198;-176.392
01/02/25;0:3:34.611;0.1917;0.3000;0.7854;95.825;-224.609;-491.943
01/02/25;0:3:35.118;0.0608;0.0341;0.7676;261.230;634.766;86.670
01/02/25;0:3:35.624;-0.2659;-0.2152;0.8151;230.713;462.036;-339.355
01/02/25;0:3:36.130;-0.2115;-0.0774;0.9702;161.133;20.752;141.602
01/02/25;0:3:36.636;-0.1554;0.0187;10.135;-462.036;-122.681;150.757
01/02/25;0:3:37.142;-0.1685;-0.4568;0.9194;249.634;-292.969;200.806
01/02/25;0:3:37.648;-0.0681;0.6946;-0.7316;1.962.891;287.476;-60.425
01/02/25;0:3:38.154;-0.1317;0.5499;0.8951;-2.961.426;195.313;0.6714
01/02/25;0:3:38.660;0.0428;-0.8031;0.6736;364.380;-38.452;-310.059
01/02/25;0:3:39.166;-0.1610;0.7548;0.5621;1.046.143;-278.931;-275.269
01/02/25;0:3:39.672;-0.2024;0.8771;-0.5128;-198.364;-47.607;21.973
01/02/25;0:3:40.178;-0.0930;0.2324;10.308;-900.879;47.607;98.267
01/02/25;0:3:40.684;-0.0713;0.3151;0.9720;4.310.913;-242.920;-184.326
01/02/25;0:3:41.190;-0.0712;0.7356;0.4283;-460.815;67.139;-214.844
01/02/25;0:3:41.696;-0.1469;-0.5977;10.634;2.957.153;174.561;-0.5493
01/02/25;0:3:42.202;-0.2068;0.8074;-0.6049;-1.224.976;40.894;122.070
01/02/25;0:3:42.708;-0.2412;0.0875;0.9762;-950.317;67.139;197.754
01/02/25;0:3:43.214;-0.2535;-0.1104;0.9745;-87.891;-0.4883;59.814
01/02/25;0:3:43.720;-0.3560;0.4800;0.9822;-682.983;1.869.507;1.927.490
01/02/25;0:3:44.226;-0.2499;0.3129;0.6439;934.448;-1.265.869;-1.796.265
01/02/25;0:3:44.732;0.0732;0.1140;0.9553;250.244;750.732;-66.528
01/02/25;0:3:45.238;-0.6714;0.2567;0.4022;-742.798;1.820.068;621.338
01/02/25;0:3:45.744;-0.8901;0.2349;0.0654;-39.673;0.7324;-231.323
01/02/25;0:3:46.250;0.1997;-0.1298;11.261;-217.285;1.323.242;172.119
01/02/25;0:3:46.756;-0.0242;0.1351;0.9535;-55.542;-198.975;-244.141
01/02/25;0:3:47.262;-0.0654;-0.1476;10.215;-45.166;0.6714;-118.408
01/02/25;0:3:47.769;-0.2778;-0.0820;10.135;-245.972;70.190;440.063
01/02/25;0:3:48.275;-0.4626;-0.1438;0.8608;-1.049.805;182.495;787.354
01/02/25;0:3:48.781;-0.3633;0.5652;0.7281;-84.229;-12.207;-26.245
01/02/25;0:3:49.287;-0.3036;0.6555;0.7479;1.295.166;-394.287;-1.000.977
01/02/25;0:3:49.793;-0.0066;0.1184;10.022;38.452;-460.205;-556.030
01/02/25;0:3:50.299;0.0605;0.3596;0.8734;207.520;-65.308;247.192
01/02/25;0:3:50.805;0.1829;0.7838;0.5734;579.224;989.380;1.548.462
01/02/25;0:3:51.311;-0.0286;0.6243;0.7665;13.428;-31.128;-21.973
01/02/25;0:3:51.817;0.2296;-0.2880;0.7067;0.8545;-672.607;-1.510.620
01/02/25;0:3:52.324;0.1025;0.2080;10.211;-196.533;-106.201;51.270
01/02/25;0:3:52.830;-0.2982;-0.0862;0.8689;-663.452;573.120;379.028
01/02/25;0:3:53.336;-0.4109;-0.3051;0.6790;101.929;-57.373;-202.026
01/02/25;0:3:53.842;-0.0553;-0.1641;11.266;160.522;57.983;-349.121
01/02/25;0:3:54.348;-0.4054;0.2388;0.6433;480.347;-93.384;-172.119
01/02/25;0:3:54.854;-0.0876;-0.0455;0.7333;731.812;-597.534;256.348
01/02/25;0:3:55.360;0.8947;0.6189;10.483;-172.119;1.614.990;-174.561
01/02/25;0:3:55.866;-0.5963;0.4724;0.6887;194.702;70.190;-0.9766
01/02/25;0:3:56.372;-0.1550;10.665;-0.2021;958.252;-2.212.524;-996.094
01/02/25;0:3:56.878;0.1566;0.5460;0.8947;0.1831;0.6714;161.743
01/02/25;0:3:57.384;0.1451;0.6022;0.8240;-86.060;128.784;544.434
01/02/25;0:3:57.890;0.1531;0.2996;11.025;252.686;97.656;23.193
01/02/25;0:3:58.396;0.2754;-0.0487;12.977;-450.439;466.919;314.331
01/02/25;0:3:58.902;-0.0706;0.6449;0.3969;1.139.526;1.080.322;-220.337
01/02/25;0:3:59.408;-0.5111;0.9357;0.4564;-859.375;-400.391;161.743
01/02/25;0:3:59.914;0.3541;0.4872;12.410;1.062.012;-2.188.110;-354.004
01/02/25;0:4:0.420;-0.2589;0.8282;0.6644;-1.859.741;1.303.101;-1.526.489
01/02/25;0:4:0.926;-0.5447;0.6478;-0.7623;618.286;1.346.436;635.986
01/02/25;0:4:1.432;-0.2560;0.4121;-0.8599;-1.075.439;277.100;-114.136
01/02/25;0:4:1.938;-0.3671;0.7423;0.3929;-1.212.769;23.193;-270.386
01/02/25;0:4:2.444;-0.5514;0.4248;0.6685;409.546;10.986;48.218
01/02/25;0:4:2.950;-0.5923;0.4607;0.5740;-479.736;321.655;123.291
01/02/25;0:4:3.456;-10.618;-0.6074;0.0729;2.636.719;-856.323;-2.294.922
01/02/25;0:4:3.962;-0.5273;0.6859;0.9742;-722.046;-932.617;553.589
01/02/25;0:4:4.468;-0.2167;0.4193;11.039;-379.028;374.146;86.670
01/02/25;0:4:4.974;0.4607;20.930;-0.0714;-274.658;321.655;-155.640
01/02/25;0:4:5.480;-0.0939;-0.3088;12.157;-203.247;-426.025;958.862
01/02/25;0:4:5.987;0.3473;0.0105;0.7479;-103.760;318.604;1.123.657
01/02/25;0:4:6.493;0.0494;-0.1147;0.6984;17.700;-557.861;-1.770.630
01/02/25;0:4:6.999;0.2642;0.1268;0.9325;270.996;133.667;2.196.655
01/02/25;0:4:7.505;0.7996;10.270;12.910;38.452;878.906;-2.619.019
01/02/25;0:4:8.011;0.2147;-0.4774;15.397;-119.019;-158.691;108.643
01/02/25;0:4:8.517;0.3154;0.1462;0.9017;57.373;-276.489;1.264.648
01/02/25;0:4:9.023;-0.0066;-0.3674;0.9158;-262.451;-522.461;-550.537
01/02/25;0:4:9.529;0.3463;0.2858;0.6786;231.934;-289.307;1.326.294
01/02/25;0:4:10.035;0.0308;0.0859;0.5150;-23.804;-98.267;-1.298.218
01/02/25;0:4:10.541;0.1932;0.2546;0.6370;433.350;114.746;1.452.026
01/02/25;0:4:11.047;0.5261;0.2557;0.9786;-26.855;600.586;-1.502.686
01/02/25;0:4:11.553;0.4423;-0.5243;15.454;296.021;883.179;440.674
01/02/25;0:4:12.059;0.9857;-0.0151;16.600;-190.430;250.854;-241.089
01/02/25;0:4:12.565;0.0568;0.0598;0.6628;-333.862;-402.222;158.691
01/02/25;0:4:13.071;0.2166;-0.3815;10.723;675.049;1.661.987;-288.696
01/02/25;0:4:13.577;0.4504;-0.3568;10.330;-459.595;-710.449;-37.842
01/02/25;0:4:14.083;-0.1466;0.2703;0.5640;204.468;-87.280;67.749
01/02/25;0:4:14.589;0.6786;-0.5759;13.569;72.021;1.463.623;312.500
01/02/25;0:4:15.095;0.4269;-0.6570;14.163;-0.6714;137.329;-1.978.760
01/02/25;0:4:15.601;0.5089;-0.0856;0.8036;-236.816;-476.074;792.236
01/02/25;0:4:16.107;0.0573;-0.6882;0.9657;23.193;-417.480;-1.406.860
01/02/25;0:4:16.613;0.7660;0.2697;0.7922;382.080;-1.029.053;2.277.222
01/02/25;0:4:17.119;0.1646;-0.4717;0.8235;-83.618;-291.748;-2.209.473
01/02/25;0:4:17.625;-0.1521;0.2480;0.4596;394.287;479.126;364.990
01/02/25;0:4:18.131;0.7902;-0.4539;13.706;-111.084;-789.795;99.487
01/02/25;0:4:18.637;-0.3204;0.1547;0.6771;152.588;-14.648;-197.144
01/02/25;0:4:19.143;0.5094;0.0190;11.886;-228.271;287.476;80.566
01/02/25;0:4:19.649;-0.2750;0.2561;0.4557;-321.045;-1.052.856;-135.498
01/02/25;0:4:20.155;0.3455;-0.4978;11.946;764.160;1.427.612;177.002
01/02/25;0:4:20.661;0.7596;-0.3615;14.330;-383.301;-795.898;130.005
01/02/25;0:4:21.167;0.2552;0.3718;0.4014;-65.918;-986.938;2.810.669
01/02/25;0:4:21.673;0.1964;-0.0099;14.727;-86.670;116.577;640.259
01/02/25;0:4:22.179;0.5219;0.4152;11.367;347.290;-744.629;556.030
01/02/25;0:4:22.685;0.0121;-27.218;12.101;42.725;-881.958;-3.181.152
01/02/25;0:4:23.191;0.0944;-0.2246;0.9497;305.176;-307.617;1.077.271
01/02/25;0:4:23.697;0.9424;-0.2203;0.1954;-673.828;635.376;-3.964.233
01/02/25;0:4:24.203;0.1779;0.0474;0.9098;246.582;-320.435;933.838
01/02/25;0:4:24.709;0.7240;0.6011;0.8408;-300.903;1.197.510;-2.593.384
01/02/25;0:4:25.215;0.3043;0.1747;10.034;159.912;67.749;1.544.800
01/02/25;0:4:25.721;0.4135;0.2043;0.6633;-94.604;-82.397;-2.241.821
01/02/25;0:4:26.227;0.0441;0.3042;11.758;-427.246;-384.521;-191.040
01/02/25;0:4:26.734;-0.1553;0.1444;10.576;-1.168.823;-302.124;-1.732.178
01/02/25;0:4:27.240;0.3392;0.4611;32.148;-3.322.754;-1.595.459;-833.740
01/02/25;0:4:27.746;0.1169;0.0439;10.560;544.434;195.923;-305.176
01/02/25;0:4:28.252;0.1464;0.0787;10.013;33.569;266.113;230.103
01/02/25;0:4:28.758;0.0527;0.0364;10.046;0.3662;0.4883;0.2441
01/02/25;0:4:29.264;0.0470;0.0366;10.060;0.3052;0.1831;-0.4883
01/02/25;0:4:29.770;0.0447;0.0360;10.077;0.3052;-0.0610;-0.4883
01/02/25;0:4:30.276;0.0416;0.0355;10.071;0.3662;-0.0610;-0.5493
01/02/25;0:4:30.782;0.0393;0.0367;10.070;0.3052;-0.1221;-0.6104
01/02/25;0:4:31.288;0.0376;0.0358;10.057;0.3052;-0.1831;-0.6714
01/02/25;0:4:31.794;0.0372;0.0370;10.068;0.3052;-0.1831;-0.6714
01/02/25;0:4:32.300;0.0354;0.0369;10.076;0.3052;-0.1831;-0.6104
01/02/25;0:4:32.806;0.0348;0.0374;10.078;0.3052;-0.2441;-0.6714
01/02/25;0:4:33.312;0.0337;0.0364;10.071;0.3052;-0.2441;-0.6714
01/02/25;0:4:33.818;0.0333;0.0380;10.076;0.3052;-0.1831;-0.7324
01/02/25;0:4:34.324;0.0331;0.0359;10.081;0.3052;-0.2441;-0.6714
01/02/25;0:4:34.831;0.0326;0.0364;10.073;0.3052;-0.2441;-0.7324
01/02/25;0:4:35.337;0.0316;0.0360;10.077;0.3052;-0.2441;-0.7324
01/02/25;0:4:35.843;0.0315;0.0370;10.073;0.3052;-0.3052;-0.7324
01/02/25;0:4:36.349;0.0306;0.0366;10.096;0.3052;-0.3662;-0.7324
01/02/25;0:4:36.855;0.0304;0.0364;10.082;0.3052;-0.3052;-0.7324
01/02/25;0:4:37.361;0.0297;0.0380;10.077;0.3052;-0.2441;-0.7324
01/02/25;0:4:37.867;0.0299;0.0375;10.079;0.3052;-0.2441;-0.7324
01/02/25;0:4:38.373;0.0312;0.0359;10.068;0.3052;-0.2441;-0.7324
01/02/25;0:4:38.880;0.0288;0.0382;10.073;0.3052;-0.3052;-0.7324
01/02/25;0:4:39.386;0.0289;0.0369;10.079;0.3052;-0.2441;-0.6714
01/02/25;0:4:39.892;0.0284;0.0367;10.076;0.3052;-0.2441;-0.7324
01/02/25;0:4:40.398;0.0280;0.0372;10.078;0.3052;-0.2441;-0.7324
01/02/25;0:4:40.904;0.0282;0.0369;10.072;0.3052;-0.2441;-0.7324
01/02/25;0:4:41.410;0.0281;0.0361;10.083;0.3662;-0.3052;-0.7324
01/02/25;0:4:41.917;0.0278;0.0359;10.074;0.3052;-0.2441;-0.7324
01/02/25;0:4:42.423;0.0272;0.0360;10.077;0.3052;-0.2441;-0.7324
01/02/25;0:4:42.929;0.0267;0.0366;10.067;0.3052;-0.3052;-0.7324
01/02/25;0:4:43.435;0.0277;0.0372;10.071;0.3052;-0.3052;-0.7324
01/02/25;0:4:43.941;0.0280;0.0369;10.074;0.3052;-0.3052;-0.7935
01/02/25;0:4:44.447;0.0265;0.0366;10.074;0.3052;-0.3052;-0.7324
01/02/25;0:4:44.953;0.0280;0.0356;10.077;0.3052;-0.3052;-0.7324
01/02/25;0:4:45.459;0.0262;0.0360;10.107;0.2441;-0.3052;-0.7324
01/02/25;0:4:45.965;0.0265;0.0365;10.087;0.3662;-0.3052;-0.7935
01/02/25;0:4:46.472;0.0067;0.0060;10.680;10.986;-615.845;78.125
01/02/25;0:4:46.978;-0.7101;0.3912;-0.7018;-68.970;1.224.365;402.832
01/02/25;0:4:47.484;-0.4836;0.6018;0.1317;212.402;14.038;-1.126.099
01/02/25;0:4:47.990;-0.9263;-0.1893;0.6593;732.422;-709.229;-84.229
01/02/25;0:4:48.496;-0.2249;0.5598;0.9606;-988.770;-535.889;1.707.153
01/02/25;0:4:49.002;0.4403;0.6559;11.263;180.664;1.748.047;-621.338
01/02/25;0:4:49.508;0.9260;12.019;-0.0856;-399.780;1.134.644;1.657.104
01/02/25;0:4:50.014;-0.1010;0.3561;0.7092;-688.477;-607.910;-505.371
01/02/25;0:4:50.520;-0.2041;0.5420;0.7008;-61.646;2.152.100;410.156
01/02/25;0:4:51.026;-0.0621;0.7709;0.6190;300.293;-1.468.506;-1.464.844
01/02/25;0:4:51.532;-0.2255;0.1356;10.490;220.337;-128.784;264.282
01/02/25;0:4:52.039;0.4418;0.2273;0.6969;699.463;-695.801;2.924.805
01/02/25;0:4:52.545;0.7377;10.094;0.7107;-588.989;618.896;-2.957.153
01/02/25;0:4:53.051;0.1714;-0.5530;11.528;36.011;126.343;740.967
01/02/25;0:4:53.557;0.3038;0.5825;11.168;-59.814;-0.3052;-36.621
01/02/25;0:4:54.063;0.1364;-0.4952;11.177;-53.101;-404.053;-499.268
01/02/25;0:4:54.570;0.2415;0.5359;0.6841;643.311;-304.565;1.182.861
01/02/25;0:4:55.076;-0.0865;-0.1541;0.5015;570.679;-111.084;-1.549.072
01/02/25;0:4:55.582;-0.3400;0.0806;0.3405;-32.959;1.088.257;-326.538
01/02/25;0:4:56.088;0.4619;-0.1012;17.520;37.842;-1.314.087;838.623
01/02/25;0:4:56.594;-0.5869;0.0023;0.3574;208.740;-421.753;0.6104
01/02/25;0:4:57.100;0.3495;-0.1057;0.3777;-231.934;3.679.199;-1.340.942
01/02/25;0:4:57.606;0.5328;0.9072;18.018;-712.280;1.228.638;-778.198
01/02/25;0:4:58.112;-0.3223;0.6183;-0.5253;319.824;2.113.037;397.339
01/02/25;0:4:58.618;0.4904;0.4114;-18.090;-733.643;-1.260.376;36.011
01/02/25;0:4:59.124;-0.0300;0.2318;0.9987;-22.583;-1.223.755;-124.512
01/02/25;0:4:59.630;-0.0010;-0.2839;0.8182;-1.735.229;1.206.665;2.383.423
01/02/25;0:5:0.136;0.6398;0.1675;0.9115;-241.699;-385.742;1.147.461
01/02/25;0:5:0.642;0.2489;-0.6550;0.6274;-354.614;614.014;-2.196.045
01/02/25;0:5:1.148;-0.2010;-0.3291;0.9918;410.767;-45.776;-376.587
01/02/25;0:5:1.655;0.1132;-0.0630;0.6683;236.816;-278.320;3.229.370
01/02/25;0:5:2.161;0.5443;0.0176;0.9703;10.376;-250.854;593.262
01/02/25;0:5:2.667;0.6927;0.5704;10.057;151.367;1.141.357;-3.816.528
01/02/25;0:5:3.173;-0.1135;-0.4347;10.490;239.868;37.231;-220.337
01/02/25;0:5:3.679;-0.8821;-0.1121;0.2721;21.973;319.214;454.712
01/02/25;0:5:4.185;0.8439;0.5964;12.480;509.644;-1.617.432;1.665.649
01/02/25;0:5:4.691;0.9883;-0.0153;14.200;2.000.732;185.547;-288.696
01/02/25;0:5:5.197;-0.6774;0.7728;0.2528;-0.5493;156.860;64.697
01/02/25;0:5:5.703;0.9718;0.2699;10.875;-93.994;-443.726;604.248
01/02/25;0:5:6.209;-0.7289;0.4331;-0.1460;176.392;340.576;12.207
01/02/25;0:5:6.715;0.7168;-0.1165;16.552;-36.621;-1.516.113;1.455.078
01/02/25;0:5:7.221;-0.6035;-0.1572;0.0952;413.818;916.138;-439.453
01/02/25;0:5:7.727;-0.2256;0.1667;15.944;-1.742.554;-1.829.224;-762.329
01/02/25;0:5:8.234;-0.3405;-0.1609;0.8738;-90.332;83.618;-578.003
01/02/25;0:5:8.741;-0.0144;0.0500;12.618;435.791;-512.695;13.428
01/02/25;0:5:9.247;-0.1481;-0.3242;10.997;-336.304;-275.269;190.430
01/02/25;0:5:9.753;-0.2683;0.0188;0.7305;-643.921;-50.659;-212.402
01/02/25;0:5:10.259;0.0242;-0.3481;0.9275;492.554;316.772;-48.828
01/02/25;0:5:10.765;0.1359;-0.1315;10.330;-0.8545;-137.329;116.577
01/02/25;0:5:11.272;0.1505;0.9993;0.3131;1.307.373;-455.322;-124.512
01/02/25;0:5:11.778;0.1226;0.8186;-0.4775;-65.308;51.880;-229.492
01/02/25;0:5:12.284;-0.1361;0.5833;0.8566;-1.376.953;-144.653;-246.582
01/02/25;0:5:12.790;-0.0785;-0.1632;0.9686;61.035;-75.684;115.356
01/02/25;0:5:13.296;0.1470;0.4187;11.306;548.706;-130.615;98.877
01/02/25;0:5:13.802;0.3258;0.1814;0.8691;-134.888;-20.142;49.438
01/02/25;0:5:14.308;0.3424;0.0913;0.8285;203.857;2.572.021;-700.073
01/02/25;0:5:14.814;-0.3660;0.8502;-0.0679;-1.025.391;-363.770;646.973
01/02/25;0:5:15.320;0.0710;0.5432;0.8439;85.449;-150.757;59.814
01/02/25;0:5:15.826;0.3708;0.8016;0.4613;1.073.608;-926.514;-596.924
01/02/25;0:5:16.332;0.3326;0.7783;0.3386;-1.054.077;1.461.182;-391.846
01/02/25;0:5:16.838;0.1509;0.3422;0.9791;-162.354;-485.229;-574.341
01/02/25;0:5:17.344;-0.0876;0.0814;10.319;-692.139;731.812;177.002
01/02/25;0:5:17.850;-0.6638;-0.3870;0.5662;161.743;-190.430;28.076
01/02/25;0:5:18.356;-0.3121;-0.0671;0.9535;-0.9155;0.0610;12.817
01/02/25;0:5:18.862;-0.1632;0.0436;0.9874;46.387;-146.484;-81.177
01/02/25;0:5:19.368;-0.1204;0.0397;10.010;22.583;-10.376;-12.207
01/02/25;0:5:19.874;-0.2196;0.0439;0.9362;309.448;203.857;-0.2441
01/02/25;0:5:20.380;0.0927;0.8538;0.3485;5.314.941;-2.611.084;-1.417.847
01/02/25;0:5:20.886;-0.2476;0.7006;-0.6115;-606.689;-122.681;-589.600
01/02/25;0:5:21.392;-0.2445;0.7659;0.1360;-1.408.081;-2.482.300;-844.727
01/02/25;0:5:21.899;-0.0430;-0.5232;0.9817;-1.495.972;193.481;212.402
01/02/25;0:5:22.405;-0.1748;0.8691;0.4492;-1.228.638;-1.748.657;-1.582.031
01/02/25;0:5:22.911;0.0520;0.6655;0.7803;307.007;-303.955;26.245
01/02/25;0:5:23.417;-0.5840;0.5568;-0.1340;831.299;490.112;391.235
01/02/25;0:5:23.923;0.1000;0.2681;11.298;-172.729;228.882;-368.652
01/02/25;0:5:24.429;-0.9069;0.5201;0.2303;375.366;-189.209;151.978
01/02/25;0:5:24.935;0.2892;0.4368;13.892;-2.001.343;-1.030.273;659.180
01/02/25;0:5:25.441;-0.8844;0.4908;0.3938;321.045;235.596;345.459
01/02/25;0:5:25.947;-0.0244;0.3115;10.022;-79.956;117.798;225.830
01/02/25;0:5:26.453;-0.3693;0.2524;0.8400;-1.230.469;1.236.572;1.050.415
01/02/25;0:5:26.959;-0.5743;0.8179;0.1461;4.110.718;-504.761;49.438
01/02/25;0:5:27.465;-0.3317;0.3655;0.9200;-3.115.234;474.854;412.598
01/02/25;0:5:27.971;-0.4210;0.8140;-0.4188;-119.019;12.207;-39.062
01/02/25;0:5:28.477;-0.3423;0.7900;0.4838;-1.547.241;255.737;205.688
01/02/25;0:5:28.983;-0.3184;0.5116;0.7800;32.349;-78.735;-20.142
01/02/25;0:5:29.489;-0.3013;0.5024;0.8097;-25.635;-20.142;-0.6714
01/02/25;0:5:29.995;-0.2734;0.5146;0.8281;-18.921;-20.752;-12.207
01/02/25;0:5:30.501;-0.2759;0.5167;0.7976;11.597;-0.6714;-19.531
01/02/25;0:5:31.007;-0.2659;0.5181;0.8259;14.038;-30.518;-20.752
01/02/25;0:5:31.513;-0.2645;0.5266;0.8254;-0.6104;-0.6104;0.0000
01/02/25;0:5:32.019;0.0686;0.2445;10.431;-100.098;-539.551;-528.564
01/02/25;0:5:32.525;-0.2187;10.377;0.2480;3.878.174;-328.979;-527.344
01/02/25;0:5:33.031;-0.3093;0.1722;0.9535;-3.994.751;737.305;955.200
01/02/25;0:5:33.537;-0.2456;-0.6019;0.7423;2.756.348;-421.143;-440.063
01/02/25;0:5:34.043;-0.2855;0.8978;-0.4701;-1.302.490;93.994;-313.721
01/02/25;0:5:34.549;-0.3871;-0.5880;0.7529;848.999;-73.853;-402.222
01/02/25;0:5:35.055;-0.4357;0.9172;0.1278;-888.672;-79.956;136.719
01/02/25;0:5:35.561;-0.3245;-0.1362;11.071;-1.817.017;89.111;358.887
01/02/25;0:5:36.067;-0.5198;-0.3843;0.8671;418.701;172.729;42.114
01/02/25;0:5:36.573;-0.5630;-0.1924;0.8534;134.277;52.490;-61.035
01/02/25;0:5:37.079;-0.4589;0.0930;0.7980;1.644.897;-1.035.767;-412.598
01/02/25;0:5:37.585;-0.3353;0.7223;-0.5985;-175.171;14.038;14.648
01/02/25;0:5:38.091;-0.3997;0.7257;0.3134;4.909.668;-386.963;-166.016
01/02/25;0:5:38.597;-0.3914;0.3588;0.9518;-1.835.327;451.660;97.656
01/02/25;0:5:39.103;-0.3787;0.8276;-0.6061;175.171;89.722;209.961
01/02/25;0:5:39.609;-0.2742;10.568;-0.0573;-2.926.636;298.462;-540.771
01/02/25;0:5:40.115;-0.4929;0.1552;0.3577;1.265.259;-171.509;-211.182
01/02/25;0:5:40.621;0.8740;0.6436;11.288;-4.744.873;5.458.374;3.104.858
01/02/25;0:5:41.127;-0.2827;0.8771;-0.1064;41.504;-2.732.544;277.710
01/02/25;0:5:41.634;-0.2892;0.3156;0.9503;133.057;101.318;-12.817
01/02/25;0:5:42.140;-0.2949;0.2965;0.9061;-0.2441;-23.804;0.4272
01/02/25;0:5:42.646;-0.2704;0.2837;0.9221;-32.349;-16.479;0.1831
01/02/25;0:5:43.152;-0.4646;0.3162;0.9221;-227.051;76.294;137.939
01/02/25;0:5:43.658;-0.5383;0.1409;0.9514;207.520;263.062;98.267
01/02/25;0:5:44.164;-0.4347;0.0851;0.8612;-239.258;241.089;562.134
01/02/25;0:5:44.670;-0.3688;0.0577;0.9185;-32.349;-66.528;36.011
01/02/25;0:5:45.176;-0.3323;0.0664;0.9479;-47.607;-21.362;-20.752
01/02/25;0:5:45.683;-0.3456;-0.1271;0.9718;-345.459;86.060;136.108
01/02/25;0:5:46.190;-0.4976;-0.2131;0.8146;-225.220;140.991;166.016
01/02/25;0:5:46.696;-0.9390;0.1405;0.1609;-202.637;170.898;376.587
01/02/25;0:5:47.202;-0.2579;0.5876;0.8086;307.617;-167.236;-400.391
01/02/25;0:5:47.708;-0.0398;0.3884;0.9412;-0.5493;144.043;-91.553
01/02/25;0:5:48.214;0.0787;0.2072;10.443;-1.343.384;800.781;2.255.859
01/02/25;0:5:48.720;-0.1025;0.6284;0.9147;-20.142;272.217;907.593
01/02/25;0:5:49.226;0.0551;0.1779;0.8632;46.387;-632.935;-988.770
01/02/25;0:5:49.732;0.3531;-0.0582;0.9878;112.305;101.318;-767.822
01/02/25;0:5:50.238;0.1177;0.0941;10.060;-116.577;188.599;388.184
01/02/25;0:5:50.744;0.0192;0.2745;11.799;338.745;971.680;1.465.454
01/02/25;0:5:51.250;-0.0603;0.8824;0.5978;-1.585.083;-1.066.895;-909.424
01/02/25;0:5:51.757;0.0752;0.1006;0.9828;-131.836;-141.602;136.719
01/02/25;0:5:52.263;0.0696;0.0823;10.043;96.436;-10.376;-17.090
01/02/25;0:5:52.769;0.0115;0.1085;10.005;-0.9766;-40.283;-28.687
01/02/25;0:5:53.275;-0.1265;0.0903;0.9113;-123.291;111.084;163.574
01/02/25;0:5:53.781;-0.2582;0.7032;0.4916;138.550;393.066;665.283
01/02/25;0:5:54.287;0.0363;0.3158;10.186;-45.776;-60.425;-104.370
01/02/25;0:5:54.793;-0.0045;-0.1624;11.171;448.608;397.949;-168.457
01/02/25;0:5:55.299;0.1506;0.2766;11.700;-51.880;167.236;-1.549.072
01/02/25;0:5:55.805;0.3302;-0.4183;12.695;-974.731;951.538;2.477.417
01/02/25;0:5:56.311;-0.3265;0.9127;0.4371;-213.013;-95.215;0.3052
01/02/25;0:5:56.818;0.4039;0.6851;10.011;-347.900;-971.680;-274.048
01/02/25;0:5:57.324;0.1816;0.2888;0.9489;-625.610;1.284.790;1.498.413
01/02/25;0:5:57.830;-0.0426;0.2974;0.9973;-29.907;-61.035;-13.428
01/02/25;0:5:58.337;0.1002;0.2798;0.9543;-223.999;-284.424;-388.794
01/02/25;0:5:58.843;-0.2008;0.2034;0.8793;42.725;476.685;493.774
01/02/25;0:5:59.349;0.0913;0.2739;0.6398;-387.573;-540.771;-861.206
01/02/25;0:5:59.855;-0.0081;0.4745;0.9691;113.525;1.375.122;971.680
01/02/25;0:6:0.361;-0.1699;0.2651;0.9878;-46.387;317.383;-552.368
01/02/25;0:6:0.867;0.1791;0.2821;11.271;-134.888;-74.463;12.817
01/02/25;0:6:1.373;-0.3918;0.4749;0.8744;-214.844;292.969;-141.602
01/02/25;0:6:1.879;0.3058;0.3463;10.618;38.452;-255.737;0.0610
01/02/25;0:6:2.385;-0.2806;-0.0352;0.6392;66.528;-0.0610;-39.673
01/02/25;0:6:2.891;0.0919;0.4030;0.9429;-326.538;521.851;0.0000
01/02/25;0:6:3.397;-0.1749;0.1189;0.9291;513.306;-625.610;-32.349
01/02/25;0:6:3.903;-0.0674;-0.4888;11.006;1.099.854;240.479;-170.898
01/02/25;0:6:4.409;-0.3463;-0.0741;0.7885;162.354;-553.589;164.185
01/02/25;0:6:4.915;0.2664;0.1630;0.9465;208.740;-576.172;-208.740
01/02/25;0:6:5.421;-0.2202;0.0594;0.7811;-601.196;669.556;417.480
01/02/25;0:6:5.927;-0.3530;0.0696;0.3158;1.132.813;-742.188;-421.753
01/02/25;0:6:6.433;0.1376;0.5382;12.806;633.545;1.224.365;-1.135.864
01/02/25;0:6:6.939;-0.0765;0.7522;0.7933;573.730;-1.586.914;718.994
01/02/25;0:6:7.445;-0.0876;0.0719;0.7277;-357.056;1.597.290;29.297
01/02/25;0:6:7.951;-0.4884;0.2159;0.2987;999.756;-1.304.932;546.875
01/02/25;0:6:8.457;0.0197;0.1694;0.8779;84.839;258.179;32.349
01/02/25;0:6:8.963;-0.2428;0.1394;10.144;76.294;-104.370;-54.932
01/02/25;0:6:9.469;-0.0922;0.1343;0.4684;982.056;-1.234.131;-130.615
01/02/25;0:6:9.975;-0.1636;0.2126;0.9847;-209.961;371.704;99.487
01/02/25;0:6:10.481;-0.0836;0.2018;0.9882;-499.878;1.120.605;153.198
01/02/25;0:6:10.987;0.0409;0.1469;10.560;451.050;1.079.712;-318.604
01/02/25;0:6:11.493;0.1621;0.5103;0.8141;-1.588.135;-2.290.649;1.237.183
01/02/25;0:6:11.999;-0.6143;0.1948;0.6445;560.303;-134.888;110.474
01/02/25;0:6:12.505;-0.1870;0.3882;0.8844;571.289;168.457;-192.261
01/02/25;0:6:13.011;-0.1798;0.2781;0.9386;-135.498;-92.773;32.959
01/02/25;0:6:13.517;-0.1594;0.3002;0.9427;-12.207;13.428;-16.479
01/02/25;0:6:14.023;-0.0757;0.2567;0.8785;75.684;-178.223;51.880
01/02/25;0:6:14.529;0.3296;0.3734;11.754;-217.285;2.597.656;222.778
01/02/25;0:6:15.035;-0.6187;0.2617;0.4807;2.384.644;-680.542;262.451
01/02/25;0:6:15.541;-0.1768;0.7036;-0.5208;701.294;440.674;400.391
01/02/25;0:6:16.047;-0.3628;0.5170;0.5819;-1.963.501;51.270;131.836
01/02/25;0:6:16.553;-0.2178;-0.9796;0.4188;10.376;20.752;-66.528
01/02/25;0:6:17.059;-0.1951;0.8470;-0.3489;688.477;76.904;-283.203
01/02/25;0:6:17.565;-0.3170;0.1433;0.8218;-1.214.600;14.038;-199.585
01/02/25;0:6:18.071;-0.3391;-0.2240;11.073;4.079.590;62.866;-62.866
01/02/25;0:6:18.577;-0.2040;0.9677;-0.0182;-5.018.921;1.021.729;308.228
01/02/25;0:6:19.083;-0.0575;-10.955;0.1498;-897.827;12.817;-0.2441
01/02/25;0:6:19.590;0.0574;0.9635;0.8522;7.241.821;-772.095;-1.372.070
01/02/25;0:6:20.096;-0.1538;0.1989;0.9200;-1.559.448;-195.923;245.972
01/02/25;0:6:20.602;-0.1554;0.1108;0.9574;448.608;-194.702;-113.525
01/02/25;0:6:21.108;0.3451;0.1666;0.8669;28.687;-191.040;-657.959
01/02/25;0:6:21.614;0.0096;0.7507;0.8397;515.747;964.355;1.202.393
01/02/25;0:6:22.120;0.0999;0.3125;0.7068;-873.413;-564.575;-941.772
01/02/25;0:6:22.626;0.2778;-0.0316;0.9760;78.125;80.566;686.035
01/02/25;0:6:23.132;0.1799;0.2363;0.9568;458.374;-291.138;108.643
01/02/25;0:6:23.638;-0.0302;0.2970;0.7710;-1.090.698;947.266;400.391
01/02/25;0:6:24.144;0.0653;-18.669;20.829;-430.908;100.098;1.902.466
01/02/25;0:6:24.650;-0.0977;-0.2085;0.9965;178.833;-51.270;1.045.532
01/02/25;0:6:25.156;-0.2694;0.1984;11.702;215.454;850.830;665.894
01/02/25;0:6:25.662;-0.4001;0.0857;10.359;1.047.974;496.826;590.210
01/02/25;0:6:26.168;0.1622;-0.2772;10.540;-274.658;-740.356;25.635
01/02/25;0:6:26.674;0.3956;-0.2343;12.474;-36.011;396.729;58.594
01/02/25;0:6:27.180;-0.3812;-0.0459;0.8375;-65.308;311.890;-106.812
01/02/25;0:6:27.686;-0.1704;-0.1755;0.5527;582.886;-1.350.098;222.168
01/02/25;0:6:28.192;0.3811;-0.1294;0.9897;143.433;89.722;10.376
01/02/25;0:6:28.698;-0.4404;0.0735;0.8790;48.828;480.957;-151.978
01/02/25;0:6:29.204;-0.3765;0.3933;0.3242;-109.863;-996.704;61.646
01/02/25;0:6:29.710;0.2358;-0.1180;0.9520;-43.335;-191.650;82.397
01/02/25;0:6:30.216;-0.2606;-0.0028;0.5709;-39.062;518.799;-259.399
01/02/25;0:6:30.723;-0.4349;0.0004;0.3987;855.713;-1.042.480;321.045
01/02/25;0:6:31.229;0.3517;0.4576;14.409;-165.405;546.875;-150.146
01/02/25;0:6:31.735;0.1439;-13.080;12.540;-137.939;-839.233;2.613.525
01/02/25;0:6:32.241;0.2959;-0.0601;0.8824;-219.116;-703.735;491.333
01/02/25;0:6:32.747;-0.3242;-0.1565;0.9622;-189.209;67.139;-830.688
01/02/25;0:6:33.254;0.4637;-0.1351;0.9703;-75.684;-684.204;-437.622
01/02/25;0:6:33.761;-0.4419;-0.1021;0.6688;-0.9155;220.337;-481.567
01/02/25;0:6:34.267;0.3250;0.1324;0.8018;-461.426;-718.994;372.925
01/02/25;0:6:34.773;0.5657;0.2777;0.9586;-109.253;1.477.661;-502.319
01/02/25;0:6:35.279;-0.2219;0.0836;0.8267;12.817;-327.148;-10.986
01/02/25;0:6:35.785;0.0183;0.2546;0.8689;0.2441;116.577;730.591
01/02/25;0:6:36.291;-0.0649;0.3226;10.529;-48.828;24.414;46.997
01/02/25;0:6:36.797;0.1808;0.0878;10.219;91.553;-238.647;-711.670
01/02/25;0:6:37.303;0.0750;0.0455;0.9598;-0.0610;150.757;232.544
01/02/25;0:6:37.809;-0.0511;0.3241;0.8048;32.349;-241.089;1.609.497
01/02/25;0:6:38.315;0.1726;-0.1165;10.374;-308.838;343.628;-306.396
01/02/25;0:6:38.822;0.1821;-0.1376;0.9337;-59.814;-152.588;-19.531
01/02/25;0:6:39.328;0.2109;-0.1165;16.840;-302.124;879.517;194.092
01/02/25;0:6:39.834;-0.2775;-0.2683;0.6959;-200.195;272.217;34.790
01/02/25;0:6:40.340;-0.0354;-0.1339;0.5704;-98.877;-1.061.401;114.136
01/02/25;0:6:40.846;0.1606;-0.1904;0.9662;-90.942;-104.370;25.635
01/02/25;0:6:41.352;0.1166;-0.2745;11.517;96.436;987.549;-308.838
01/02/25;0:6:41.858;-0.4742;0.1393;0.6313;259.399;-160.522;-25.635
01/02/25;0:6:42.364;-0.0361;-0.1798;0.8568;-961.304;-231.323;-556.641
01/02/25;0:6:42.870;0.4633;-0.1298;0.8715;696.411;-344.238;71.411
01/02/25;0:6:43.376;-0.0914;-0.0138;0.9823;46.387;736.084;-300.903
01/02/25;0:6:43.882;-0.3038;-0.2317;0.6027;215.454;-303.345;-23.193
01/02/25;0:6:44.388;0.1086;0.0490;11.296;76.294;28.687;-202.637
01/02/25;0:6:44.895;0.1772;-0.0342;11.003;-90.332;0.3662;-136.108
01/02/25;0:6:45.401;0.3553;0.3081;0.9518;54.932;-286.865;802.612
01/02/25;0:6:45.907;0.0933;-0.5206;10.049;38.452;32.959;-467.529
01/02/25;0:6:46.413;0.3352;0.3634;0.9531;357.056;-335.083;615.845
01/02/25;0:6:46.919;-0.1161;-0.3942;0.9452;807.495;153.198;-1.565.552
01/02/25;0:6:47.425;0.3977;0.1108;11.677;446.167;-333.862;915.527
01/02/25;0:6:47.931;0.4335;0.1340;10.103;-272.217;344.238;715.942
01/02/25;0:6:48.437;0.6074;0.0594;12.632;-136.108;-338.135;-1.212.158
01/02/25;0:6:48.943;-0.0660;0.2566;0.5636;-198.364;393.066;1.566.772
01/02/25;0:6:49.449;0.3315;0.6322;0.9744;646.362;313.110;-494.995
01/02/25;0:6:49.955;-0.0052;-0.1147;10.081;-239.868;-228.882;-427.246
01/02/25;0:6:50.461;0.3612;0.0403;0.9401;187.988;-1.452.637;1.071.777
01/02/25;0:6:50.967;0.3690;-0.1333;14.894;541.992;294.800;-287.476
01/02/25;0:6:51.473;-0.2542;-0.0027;0.7345;123.291;-234.985;-0.1831
01/02/25;0:6:51.979;0.4355;-0.0210;0.8922;-307.617;191.650;121.460
01/02/25;0:6:52.485;-0.2417;-0.0695;0.7909;-230.103;234.985;-236.816
01/02/25;0:6:52.991;0.5208;0.1901;11.643;-746.460;670.776;283.203
01/02/25;0:6:53.497;0.5052;0.0559;13.134;-636.597;1.373.901;-430.298
01/02/25;0:6:54.003;-0.2709;0.0544;0.8665;374.146;-609.741;413.818
01/02/25;0:6:54.509;0.2034;-0.4258;10.822;0.5493;195.923;90.332
01/02/25;0:6:55.015;-0.0330;-0.0743;0.7013;-54.321;-499.268;458.984
01/02/25;0:6:55.521;0.0947;-0.2064;10.928;-183.105;97.656;-957.031
01/02/25;0:6:56.027;0.0886;-0.2681;10.272;-145.874;109.253;1.098.633
01/02/25;0:6:56.533;-0.2908;-0.0876;0.4432;1.284.180;-957.642;-1.656.494
01/02/25;0:6:57.039;0.4250;0.0070;0.8901;-1.011.353;-201.416;623.169
01/02/25;0:6:57.545;-0.0623;0.1267;0.7690;-346.680;445.557;-827.637
01/02/25;0:6:58.051;0.2720;0.4108;10.349;129.395;-434.570;21.362
01/02/25;0:6:58.557;0.0665;0.1752;0.0995;-1.317.749;735.474;-501.709
01/02/25;0:6:59.063;0.2518;0.1188;10.764;-20.752;-155.029;33.569
01/02/25;0:6:59.569;-0.0901;-0.0280;0.5775;668.945;-227.661;694.580
01/02/25;0:7:0.075;0.5223;-0.2964;10.288;-81.177;1.337.891;-39.673
01/02/25;0:7:0.581;0.4218;0.0972;11.609;-151.367;-427.856;333.252
01/02/25;0:7:1.088;0.1494;0.1290;11.317;-235.596;-159.912;302.734
01/02/25;0:7:1.594;0.0892;-0.0942;0.8579;463.257;-323.486;-684.204
01/02/25;0:7:2.100;-0.2540;0.0724;0.9047;156.250;-14.038;-14.648
01/02/25;0:7:2.606;-0.3286;0.1212;0.8741;-742.798;529.785;-1.046.143
01/02/25;0:7:3.112;0.1786;0.3759;0.6346;49.438;599.365;-206.299
01/02/25;0:7:3.618;0.0857;0.2803;0.9075;904.541;-144.653;194.092
01/02/25;0:7:4.124;0.2684;0.1787;0.8488;-447.998;-252.075;-31.738
01/02/25;0:7:4.630;0.2069;0.0790;0.9817;-155.640;102.539;-15.259
01/02/25;0:7:5.136;0.0089;-0.8188;0.6985;340.576;56.763;11.597
01/02/25;0:7:5.642;-0.0471;-10.586;0.1482;-983.276;548.706;213.623
01/02/25;0:7:6.148;-0.1243;-0.8629;0.5304;1.841.431;-276.489;25.024
01/02/25;0:7:6.654;-0.1677;0.6295;-0.6165;1.080.933;-389.404;-136.719
01/02/25;0:7:7.160;-0.1652;0.0353;-0.8993;574.951;490.723;-41.504
01/02/25;0:7:7.666;0.2000;12.594;0.6504;-3.555.908;826.416;1.286.621
01/02/25;0:7:8.172;-0.1060;-0.5402;0.9215;763.550;158.081;0.4883
01/02/25;0:7:8.678;-0.1506;-0.1533;0.9595;244.751;44.556;-101.929
01/02/25;0:7:9.184;-0.0841;0.2794;10.768;1.578.979;-462.036;-387.573
01/02/25;0:7:9.690;0.0917;0.2380;0.9823;1.042.480;86.670;46.997
01/02/25;0:7:10.196;0.1528;0.4241;0.8328;588.379;-471.191;-229.492
01/02/25;0:7:10.702;0.1819;11.206;-0.3936;7.073.364;-586.548;-792.236
01/02/25;0:7:11.208;0.1298;0.7719;0.5880;-692.139;120.239;-173.340
01/02/25;0:7:11.714;0.0464;-0.7604;0.6158;-712.280;125.122;-191.650
01/02/25;0:7:12.220;0.0422;-10.580;0.0150;263.672;-0.6714;62.256
01/02/25;0:7:12.726;-0.0619;0.8033;-0.7169;740.967;184.326;214.233
01/02/25;0:7:13.232;0.0481;0.9152;0.5815;-5.388.794;650.024;906.982
01/02/25;0:7:13.738;-0.0565;-0.1332;0.9924;1.359.863;56.763;-418.091
01/02/25;0:7:14.244;0.3625;0.8159;0.9471;792.847;-1.944.580;-304.565
01/02/25;0:7:14.750;-0.4193;0.2885;0.7137;518.188;460.815;-340.576
01/02/25;0:7:15.256;0.4862;0.9050;0.8257;-330.811;427.246;-227.051
01/02/25;0:7:15.762;-0.5530;0.5143;0.1272;390.625;-667.114;197.754
01/02/25;0:7:16.268;0.1780;0.7611;0.7172;-1.643.066;962.524;468.750
01/02/25;0:7:16.774;-0.5372;0.3403;0.5726;654.907;-520.630;166.626
01/02/25;0:7:17.280;-0.0254;0.2595;0.8641;-895.996;47.607;635.986
01/02/25;0:7:17.786;0.0538;0.0896;11.324;90.332;-136.719;59.204
01/02/25;0:7:18.292;-0.0973;0.1346;0.9358;-170.288;-172.729;-488.281
01/02/25;0:7:18.798;-0.4635;0.2980;0.8628;-15.259;219.727;131.836
01/02/25;0:7:19.304;0.0952;0.0261;0.6976;-451.050;359.497;1.116.333
01/02/25;0:7:19.810;0.2905;0.2773;11.029;216.675;261.841;-397.339
01/02/25;0:7:20.316;-0.1952;0.4302;0.9833;0.0000;-554.810;-765.991
01/02/25;0:7:20.822;-0.5446;0.2755;0.9857;213.013;-12.817;494.995
01/02/25;0:7:21.328;0.2650;0.1426;0.9362;-1.265.259;-344.849;636.597
01/02/25;0:7:21.834;0.1885;0.4996;0.9154;-418.091;13.428;-697.632
01/02/25;0:7:22.340;-0.5018;0.5103;0.8883;-471.191;375.977;579.224
01/02/25;0:7:22.846;0.1995;0.1703;11.254;-1.093.140;-232.544;511.475
01/02/25;0:7:23.352;-0.1028;0.1857;0.3137;1.548.462;443.726;-1.983.032
01/02/25;0:7:23.858;-0.2448;0.3087;0.9290;177.002;-598.755;-263.062
01/02/25;0:7:24.364;0.0675;0.3470;0.6271;-313.721;528.564;513.306
01/02/25;0:7:24.870;0.0709;0.2458;0.9244;297.241;-707.397;-1.186.523
01/02/25;0:7:25.376;-0.2096;0.2076;0.8496;100.708;397.339;1.124.268
01/02/25;0:7:25.882;0.2047;0.0922;12.163;-398.560;112.305;-458.984
01/02/25;0:7:26.388;0.2083;0.2294;0.9824;-172.729;-25.635;-120.850
01/02/25;0:7:26.894;-0.4958;0.2676;-0.0601;180.664;3.310.547;902.100
01/02/25;0:7:27.400;-0.3771;0.9048;-0.8326;-53.711;-704.956;-79.346
01/02/25;0:7:27.906;-0.0592;-0.2334;11.598;-30.518;-244.141;-236.816
01/02/25;0:7:28.412;0.1476;-0.0331;10.449;950.317;-1.312.256;-358.887
01/02/25;0:7:28.919;0.0707;0.2485;0.9006;15.869;131.836;151.978
01/02/25;0:7:29.425;0.0673;0.1227;0.9945;48.828;197.144;609.741
01/02/25;0:7:29.931;0.2047;0.2373;0.8623;-71.411;-101.929;-69.580
01/02/25;0:7:30.437;0.2465;0.1938;11.162;87.891;0.6104;20.142
01/02/25;0:7:30.943;0.1813;0.2068;0.9756;-75.073;104.370;267.334
01/02/25;0:7:31.449;-0.1143;0.5459;-0.0433;562.744;614.014;-2.025.146
01/02/25;0:7:31.955;-0.3212;0.7661;-0.6271;-6.097.412;1.474.609;115.356
01/02/25;0:7:32.461;-0.1199;-0.3829;0.9348;-32.349;-0.6104;-0.9766
01/02/25;0:7:32.967;-0.2736;0.0159;0.9004;682.983;268.555;-155.029
01/02/25;0:7:33.473;-0.3796;0.1527;0.8961;-0.7935;-204.468;-15.259
01/02/25;0:7:33.979;-0.2506;0.2905;0.9867;182.495;-186.157;-76.294
01/02/25;0:7:34.485;-0.3990;0.3313;0.8370;-54.321;29.907;166.016
01/02/25;0:7:34.991;-0.3549;0.4572;0.7947;-627.441;-36.011;-401.611
01/02/25;0:7:35.497;-0.2880;10.175;0.2296;305.786;214.844;0.4883
01/02/25;0:7:36.003;-0.3273;0.9386;-0.3531;-1.577.148;250.854;90.332
01/02/25;0:7:36.509;-0.1603;-0.5126;0.9094;300.293;44.556;139.771
01/02/25;0:7:37.015;-0.2872;10.511;0.0541;4.029.541;-822.144;-383.911
01/02/25;0:7:37.521;0.0245;-0.4019;0.8320;-195.313;-576.782;-719.604
01/02/25;0:7:38.027;-0.1935;0.7678;0.4114;1.455.688;-56.152;-294.800
01/02/25;0:7:38.533;-0.1847;0.1265;0.6091;-286.865;-573.730;661.621
01/02/25;0:7:39.040;-0.5720;-0.2689;0.9296;-947.876;1.575.317;372.925
01/02/25;0:7:39.547;-0.6892;-0.6450;-0.5518;303.955;-941.162;43.335
01/02/25;0:7:40.054;-0.4039;0.6510;0.5809;1.602.173;1.552.734;-161.133
01/02/25;0:7:40.560;-0.1178;0.8528;-0.4746;180.664;304.565;53.101
01/02/25;0:7:41.066;0.0284;0.0997;0.4562;514.526;-1.888.428;-4.258.423
01/02/25;0:7:41.572;0.1310;-0.2963;12.643;291.138;962.524;560.913
01/02/25;0:7:42.078;-0.4525;0.8411;0.4680;-311.279;-152.588;-26.855
01/02/25;0:7:42.585;0.0844;-0.1864;0.6936;-749.512;582.886;1.852.417
01/02/25;0:7:43.092;0.1788;-0.2031;0.9950;21.362;-71.411;12.207
01/02/25;0:7:43.598;0.1813;-0.2391;0.9703;-23.193;-0.8545;-63.477
01/02/25;0:7:44.104;0.1797;-0.2662;0.9641;0.6714;24.414;33.569
01/02/25;0:7:44.610;0.1843;-0.2628;0.9711;0.7935;-0.6104;-34.180
01/02/25;0:7:45.116;0.0638;-0.1792;0.8900;361.328;256.348;-97.656
01/02/25;0:7:45.622;-0.6901;0.5135;0.5229;96.436;134.888;50.659
01/02/25;0:7:46.128;0.1655;-0.3206;0.8960;579.224;580.444;-515.137
01/02/25;0:7:46.634;0.2571;0.1956;0.8666;562.134;-166.626;-227.661
01/02/25;0:7:47.140;0.3004;0.3055;0.8525;825.806;-79.346;-106.812
01/02/25;0:7:47.646;-0.0793;0.5295;0.6730;161.743;452.881;63.477
01/02/25;0:7:48.152;-0.0238;0.0587;10.352;-440.674;423.584;501.099
01/02/25;0:7:48.658;-0.1844;0.2032;10.645;375.366;119.019;134.888
01/02/25;0:7:49.164;0.5762;0.2582;0.6169;-192.261;-911.865;-914.917
01/02/25;0:7:49.670;0.2689;0.3481;0.1628;-1.968.384;3.887.329;4.707.642
01/02/25;0:7:50.176;0.4139;-0.0934;-0.4734;-1.385.498;-1.195.068;-5.429.687
01/02/25;0:7:50.682;-0.0515;-0.2118;10.728;159.912;695.190;2.769.775
01/02/25;0:7:51.188;0.4928;-0.5145;11.416;-1.562.500;-2.262.573;-1.098.633
01/02/25;0:7:51.694;-0.1713;-0.4606;11.039;-3.208.008;1.323.853;1.340.332
01/02/25;0:7:52.200;0.1550;0.3329;0.8444;1.153.564;-2.518.921;-1.141.968
01/02/25;0:7:52.706;0.1710;-0.1565;15.055;-606.689;1.292.725;1.448.364
01/02/25;0:7:53.212;-0.4418;0.2595;0.4856;377.197;-1.839.600;-1.072.388
01/02/25;0:7:53.718;0.4056;-0.3644;11.704;-191.650;2.557.373;1.566.162
01/02/25;0:7:54.224;-0.7330;0.2269;0.5284;-343.628;-1.461.792;-818.481
01/02/25;0:7:54.730;0.1597;-0.6169;0.8369;-325.928;-108.032;336.304
01/02/25;0:7:55.236;-0.1239;-0.2042;0.8396;266.724;66.528;435.791
01/02/25;0:7:55.742;-0.2272;0.5437;0.6797;1.614.380;347.290;-22.583
01/02/25;0:7:56.248;-0.4250;0.1661;0.7845;-172.119;30.518;98.267
01/02/25;0:7:56.754;-0.2391;0.6633;-0.3737;576.782;-0.6104;84.839
01/02/25;0:7:57.260;-0.1307;0.0624;0.9493;2.895.508;-169.067;-351.563
01/02/25;0:7:57.766;-0.1487;0.6415;-0.8801;-565.796;-194.702;-855.713
01/02/25;0:7:58.272;0.2954;0.4480;13.573;-651.855;64.697;227.051
01/02/25;0:7:58.778;-0.0746;0.3086;11.716;-498.657;-846.558;-533.447
01/02/25;0:7:59.284;0.2571;0.1383;12.042;474.243;67.749;390.015
01/02/25;0:7:59.790;-0.2904;0.3976;0.8809;693.359;-187.378;-528.564
01/02/25;0:8:0.297;-0.1547;0.8801;11.034;-240.479;609.741;-310.669
01/02/25;0:8:0.803;-0.1979;0.6892;0.7770;-378.418;-92.773;-54.932
01/02/25;0:8:1.309;-0.0906;0.4369;0.8922;-219.727;-72.021;54.932
01/02/25;0:8:1.815;-0.1088;0.2714;0.9961;-103.760;26.245;-50.049
01/02/25;0:8:2.321;-0.0088;0.0547;0.8707;223.389;-184.326;-83.008
01/02/25;0:8:2.827;0.1138;0.0782;11.017;205.688;54.932;-56.763
01/02/25;0:8:3.333;0.0188;0.0471;10.369;-50.049;-40.894;65.308
01/02/25;0:8:3.839;-0.0875;0.4547;0.9476;205.688;-270.386;-211.792
01/02/25;0:8:4.345;-0.0145;0.0656;10.438;-1.019.287;61.035;193.481
01/02/25;0:8:4.851;-0.1228;-0.2554;10.095;1.759.644;110.474;-75.684
01/02/25;0:8:5.357;-0.0493;0.9297;0.1947;490.723;-135.498;391.846
01/02/25;0:8:5.863;0.0123;0.9214;0.1392;-615.234;-163.574;19.531
01/02/25;0:8:6.369;-0.0360;-0.7111;0.7003;-950.317;0.3662;81.787
01/02/25;0:8:6.875;0.0970;0.0201;10.623;8.727.417;-573.730;-1.123.657
01/02/25;0:8:7.381;-0.0846;0.7234;-0.3818;24.414;171.509;-502.319
01/02/25;0:8:7.887;-0.2491;0.6454;0.5491;-5.248.413;372.925;332.642
01/02/25;0:8:8.393;-0.0909;0.0012;11.180;-10.376;-72.021;180.054
01/02/25;0:8:8.899;-0.1538;0.0299;0.9620;-254.517;-44.556;-160.522
01/02/25;0:8:9.405;0.0043;0.4126;0.9807;-52.490;-145.264;-143.433
01/02/25;0:8:9.911;-0.1472;0.3354;0.8784;150.757;149.536;-54.932
01/02/25;0:8:10.417;-0.3497;0.3519;0.8994;-169.678;325.317;100.098
01/02/25;0:8:10.924;-0.4518;0.2792;0.9551;-94.604;343.628;-20.752
01/02/25;0:8:11.430;-0.1287;0.5754;10.898;-728.149;2.998.047;861.816
01/02/25;0:8:11.937;-0.3958;0.9708;-0.4130;-1.054.077;302.734;338.745
01/02/25;0:8:12.443;-0.2750;0.9221;0.3727;-134.888;45.166;-223.389
01/02/25;0:8:12.950;-0.5406;-0.1707;0.7794;1.237.793;-1.696.167;-2.565.308
01/02/25;0:8:13.456;0.5770;0.0979;0.8599;220.947;-654.297;347.900
01/02/25;0:8:13.962;-0.4023;0.1680;10.842;-51.880;449.219;315.552
01/02/25;0:8:14.469;-0.7362;0.4037;-0.4442;809.937;-281.372;-689.697
01/02/25;0:8:14.975;-0.8920;-0.3080;0.2173;753.174;92.163;-211.792
01/02/25;0:8:15.481;-0.6859;-18.594;-0.8319;-19.878.540;-2.042.847;-460.205
01/02/25;0:8:15.987;-0.8154;0.6763;0.6626;-593.262;-80.566;209.351
01/02/25;0:8:16.493;-0.8873;0.0260;0.4901;-2.734.985;-40.894;301.514
01/02/25;0:8:16.999;-0.8303;-0.2867;-0.0367;5.979.614;-780.640;-432.739
01/02/25;0:8:17.505;-0.9528;0.3849;-0.0668;190.430;123.901;-47.607
01/02/25;0:8:18.012;-0.8556;0.7504;-0.0089;-5.673.828;638.428;947.266
01/02/25;0:8:18.519;0.0344;0.4169;0.9264;2.881.470;-3.731.689;555.420
01/02/25;0:8:19.025;0.4597;11.285;0.7201;-179.443;-168.457;-266.113
01/02/25;0:8:19.531;-0.7694;0.7960;-0.0109;305.176;799.561;344.238
01/02/25;0:8:20.037;-0.7976;0.5183;0.2474;1.461.182;-825.195;-773.926
01/02/25;0:8:20.543;-0.6287;0.5527;-0.4653;1.132.202;183.716;-77.515
01/02/25;0:8:21.050;-0.6193;0.0365;-0.8043;12.817;-29.297;0.5493
01/02/25;0:8:21.556;-0.8453;0.2063;-0.3356;-1.984.863;-236.206;-300.903
01/02/25;0:8:22.062;-0.0154;0.4756;0.8926;-411.377;-261.230;-38.452
01/02/25;0:8:22.568;-0.0127;0.2091;10.105;444.946;64.087;-62.866
01/02/25;0:8:23.074;0.0688;0.2736;11.121;36.621;91.553;-87.891
01/02/25;0:8:23.580;0.0472;0.2842;10.793;-250.854;-339.355;-124.512
01/02/25;0:8:24.086;0.3019;0.3871;11.019;-402.222;275.879;736.694
01/02/25;0:8:24.592;0.2273;0.3173;0.8601;-148.926;-151.367;324.707
01/02/25;0:8:25.098;0.1417;0.1420;0.9939;-482.178;-28.687;245.361
01/02/25;0:8:25.604;0.2156;0.0801;0.9240;31.738;-78.735;51.880
01/02/25;0:8:26.110;0.0704;0.0443;10.035;0.5493;-44.556;17.700
01/02/25;0:8:26.616;0.0330;0.0367;10.073;0.3662;0.8545;-0.2441
01/02/25;0:8:27.122;0.0253;0.0393;10.089;0.3052;-0.8545;-16.479
01/02/25;0:8:27.628;0.0209;0.0359;10.087;0.2441;-0.0610;-0.6714
01/02/25;0:8:28.134;0.0208;0.0367;10.060;0.3052;-0.1221;-0.7324
01/02/25;0:8:28.640;0.0179;0.0366;10.076;0.3052;-0.2441;-0.7324
01/02/25;0:8:29.146;0.0160;0.0361;10.073;0.3052;-0.2441;-0.7935
01/02/25;0:8:29.652;0.0170;0.0365;10.072;0.3052;-0.3052;-0.7935
01/02/25;0:8:30.158;0.0164;0.0363;10.071;0.3052;-0.2441;-0.7324
01/02/25;0:8:30.664;0.0177;0.0369;10.068;0.3052;-0.3052;-0.7324
01/02/25;0:8:31.170;0.0170;0.0356;10.051;0.3052;-0.3052;-0.7935
01/02/25;0:8:31.676;0.0175;0.0356;10.057;0.2441;-0.3052;-0.7935
01/02/25;0:8:32.182;0.0166;0.0363;10.061;0.3052;-0.3052;-0.7935
01/02/25;0:8:32.688;0.0164;0.0355;10.066;0.3052;-0.3052;-0.7935
01/02/25;0:8:33.194;0.0171;0.0358;10.059;0.3052;-0.3052;-0.7935
01/02/25;0:8:33.700;0.0162;0.0365;10.070;0.3052;-0.2441;-0.7935
01/02/25;0:8:34.206;0.0171;0.0358;10.073;0.3052;-0.3052;-0.7935
01/02/25;0:8:34.712;0.0164;0.0365;10.065;0.3052;-0.2441;-0.7935
01/02/25;0:8:35.218;0.0176;0.0358;10.063;0.3052;-0.2441;-0.7935
01/02/25;0:8:35.724;0.0167;0.0359;10.065;0.3052;-0.3052;-0.7324
01/02/25;0:8:36.230;0.0168;0.0370;10.071;0.3052;-0.3052;-0.7324
01/02/25;0:8:36.736;0.0162;0.0363;10.073;0.3052;-0.3052;-0.7935
01/02/25;0:8:37.242;0.0165;0.0360;10.082;0.2441;-0.2441;-0.7935
01/02/25;0:8:37.748;0.0170;0.0363;10.078;0.3052;-0.3052;-0.7935
01/02/25;0:8:38.254;0.0164;0.0355;10.082;0.3052;-0.3052;-0.7935
01/02/25;0:8:38.760;0.0159;0.0359;10.073;0.3052;-0.3052;-0.7324
01/02/25;0:8:39.266;0.0161;0.0360;10.074;0.3052;-0.2441;-0.7935
01/02/25;0:8:39.772;0.0161;0.0358;10.074;0.3052;-0.3052;-0.7935
01/02/25;0:8:40.278;0.0172;0.0356;10.068;0.3052;-0.3052;-0.7935
01/02/25;0:8:40.784;0.0154;0.0355;10.070;0.3052;-0.3052;-0.7935
01/02/25;0:8:41.290;0.0151;0.0363;10.071;0.3052;-0.3052;-0.7324
01/02/25;0:8:41.796;0.0165;0.0352;10.073;0.3052;-0.3052;-0.7935
01/02/25;0:8:42.302;0.0156;0.0364;10.066;0.3052;-0.3052;-0.7935
01/02/25;0:8:42.808;0.0146;0.0356;10.071;0.3052;-0.3052;-0.7935
01/02/25;0:8:43.314;0.0171;0.0356;10.072;0.3052;-0.2441;-0.7935
01/02/25;0:8:43.820;0.0159;0.0350;10.070;0.3052;-0.2441;-0.7935
01/02/25;0:8:44.326;0.0156;0.0341;10.067;0.3052;-0.3052;-0.7324
01/02/25;0:8:44.832;0.0159;0.0355;10.068;0.3052;-0.3052;-0.7935
01/02/25;0:8:45.338;0.0153;0.0350;10.082;0.3052;-0.3052;-0.7324
01/02/25;0:8:45.844;0.0155;0.0359;10.078;0.3052;-0.3052;-0.7935
01/02/25;0:8:46.350;0.0149;0.0360;10.073;0.3052;-0.3052;-0.7935
01/02/25;0:8:46.856;0.0144;0.0355;10.067;0.3052;-0.3052;-0.7324
01/02/25;0:8:47.362;0.0139;0.0350;10.065;0.3052;-0.2441;-0.7324
01/02/25;0:8:47.868;0.0150;0.0349;10.073;0.3052;-0.2441;-0.7324
01/02/25;0:8:48.374;0.0148;0.0344;10.076;0.3052;-0.3052;-0.7935
01/02/25;0:8:48.880;0.0154;0.0353;10.077;0.2441;-0.2441;-0.7935
01/02/25;0:8:49.386;0.0138;0.0354;10.095;0.3052;-0.2441;-0.7935
01/02/25;0:8:49.892;0.0131;0.0369;10.073;0.3052;-0.3052;-0.7324
01/02/25;0:8:50.398;0.0151;0.0354;10.076;0.3052;-0.3052;-0.7935
01/02/25;0:8:50.904;0.0133;0.0361;10.078;0.3052;-0.3052;-0.7935
01/02/25;0:8:51.410;0.0135;0.0356;10.071;0.3052;-0.3052;-0.7935
01/02/25;0:8:51.916;0.0135;0.0361;10.071;0.3052;-0.3052;-0.7935
01/02/25;0:8:52.422;0.0131;0.0356;10.060;0.3052;-0.2441;-0.7935
01/02/25;0:8:52.928;0.0146;0.0349;10.059;0.3662;-0.3052;-0.7935
01/02/25;0:8:53.434;0.0132;0.0352;10.072;0.3052;-0.2441;-0.7324
01/02/25;0:8:53.940;0.0155;0.0344;10.077;0.3052;-0.3052;-0.7324
01/02/25;0:8:54.446;0.0150;0.0348;10.061;0.3052;-0.2441;-0.7935
01/02/25;0:8:54.952;0.0143;0.0354;10.077;0.3052;-0.2441;-0.7935
01/02/25;0:8:55.458;0.0137;0.0356;10.078;0.3052;-0.3052;-0.7935
01/02/25;0:8:55.964;0.0138;0.0342;10.074;0.3052;-0.3052;-0.7935
01/02/25;0:8:56.470;0.0148;0.0350;10.070;0.3052;-0.3052;-0.7935
01/02/25;0:8:56.976;0.0144;0.0352;10.065;0.3052;-0.3052;-0.7935
01/02/25;0:8:57.482;0.0138;0.0347;10.076;0.3052;-0.2441;-0.7935
01/02/25;0:8:57.988;0.0142;0.0348;10.066;0.3052;-0.3052;-0.7324
01/02/25;0:8:58.494;0.0132;0.0344;10.082;0.3052;-0.2441;-0.7935
01/02/25;0:8:59.000;0.0138;0.0356;10.068;0.3052;-0.3052;-0.7324
01/02/25;0:8:59.506;0.0146;0.0354;10.054;0.3052;-0.3052;-0.7935
01/02/25;0:9:0.012;0.0146;0.0350;10.066;0.3052;-0.3052;-0.7935
01/02/25;0:9:0.518;0.0137;0.0338;10.062;0.3052;-0.3052;-0.7935
01/02/25;0:9:1.024;0.0142;0.0341;10.084;0.3052;-0.3052;-0.7935
01/02/25;0:9:1.530;0.0131;0.0355;10.066;0.3052;-0.3052;-0.7935
01/02/25;0:9:2.036;0.0142;0.0345;10.054;0.3052;-0.2441;-0.7935
01/02/25;0:9:2.542;0.0146;0.0338;10.052;0.3662;-0.3662;-0.7324
01/02/25;0:9:3.048;0.0137;0.0341;10.063;0.3052;-0.2441;-0.7935
01/02/25;0:9:3.554;0.0128;0.0354;10.061;0.3052;-0.2441;-0.8545
01/02/25;0:9:4.060;0.0142;0.0331;10.070;0.3052;-0.3052;-0.7935
01/02/25;0:9:4.566;0.0122;0.0342;10.087;0.3052;-0.3052;-0.7324
01/02/25;0:9:5.072;0.0133;0.0349;10.072;0.3052;-0.3052;-0.7935
01/02/25;0:9:5.578;0.0138;0.0336;10.066;0.3052;-0.3052;-0.7935
01/02/25;0:9:6.084;0.0134;0.0345;10.070;0.2441;-0.3052;-0.7935
01/02/25;0:9:6.590;0.0127;0.0353;10.071;0.3052;-0.3052;-0.7935
01/02/25;0:9:7.096;0.0128;0.0342;10.067;0.3052;-0.2441;-0.7935
01/02/25;0:9:7.602;0.0135;0.0345;10.049;0.3662;-0.3052;-0.7324
01/02/25;0:9:8.108;0.0137;0.0347;10.078;0.3052;-0.3052;-0.7935
01/02/25;0:9:8.614;0.0137;0.0339;10.073;0.3052;-0.2441;-0.7935
01/02/25;0:9:9.120;0.0133;0.0344;10.063;0.3052;-0.3052;-0.8545
01/02/25;0:9:9.626;0.0128;0.0344;10.067;0.2441;-0.3052;-0.7324
01/02/25;0:9:10.132;0.0127;0.0342;10.065;0.3052;-0.3052;-0.7324
01/02/25;0:9:10.638;0.0128;0.0345;10.076;0.3052;-0.3052;-0.7935
01/02/25;0:9:11.144;0.0116;0.0348;10.071;0.3052;-0.2441;-0.7935
01/02/25;0:9:11.650;0.0132;0.0345;10.079;0.3052;-0.3052;-0.7935
01/02/25;0:9:12.156;0.0131;0.0347;10.063;0.3052;-0.3052;-0.7324
01/02/25;0:9:12.662;0.0139;0.0349;10.067;0.3052;-0.3052;-0.7935
01/02/25;0:9:13.168;0.0117;0.0348;10.065;0.3052;-0.2441;-0.7935
01/02/25;0:9:13.674;0.0112;0.0343;10.073;0.3052;-0.3052;-0.7935
01/02/25;0:9:14.180;0.0117;0.0342;10.105;0.3052;-0.3052;-0.7935
01/02/25;0:9:14.686;0.0129;0.0345;10.068;0.3052;-0.3052;-0.7935
01/02/25;0:9:15.192;0.0133;0.0345;10.073;0.3052;-0.3052;-0.7935
01/02/25;0:9:15.698;0.0122;0.0344;10.072;0.3052;-0.3052;-0.7324
01/02/25;0:9:16.204;0.0128;0.0337;10.065;0.3052;-0.3052;-0.7935
01/02/25;0:9:16.710;0.0133;0.0336;10.077;0.3052;-0.3052;-0.7935
01/02/25;0:9:17.216;0.0131;0.0339;10.076;0.3052;-0.3052;-0.7935
01/02/25;0:9:17.722;0.0127;0.0343;10.081;0.3052;-0.3662;-0.7935
01/02/25;0:9:18.228;0.0137;0.0332;10.070;0.3052;-0.3052;-0.7935
01/02/25;0:9:18.734;0.1044;-0.1448;11.038;189.209;-928.955;461.426
01/02/25;0:9:19.240;-0.3549;0.2194;0.5453;-242.920;55.542;-401.001
01/02/25;0:9:19.746;-0.0403;-0.0895;13.658;-396.118;-722.656;-132.446
01/02/25;0:9:20.252;-0.3251;0.1422;0.8386;-88.501;349.731;-216.675
01/02/25;0:9:20.758;-0.0747;-0.1113;0.8438;-202.026;-518.799;46.387
01/02/25;0:9:21.264;0.0350;0.0283;12.135;18.311;331.421;-958.862
01/02/25;0:9:21.770;-0.1613;0.5455;0.9010;105.591;-26.245;275.269
01/02/25;0:9:22.276;-0.0714;-0.1085;11.139;-145.264;0.0000;83.618
01/02/25;0:9:22.782;0.0081;0.8408;0.6818;-734.253;-59.814;-152.588
01/02/25;0:9:23.288;0.1774;0.2074;0.9604;424.194;455.322;2.117.310
01/02/25;0:9:23.794;0.1156;0.1162;0.8151;-963.745;-1.132.202;-1.163.330
01/02/25;0:9:24.300;0.2678;0.1417;10.952;540.771;33.569;150.757
01/02/25;0:9:24.806;0.0223;0.0265;0.9962;-106.812;-137.329;-0.6104
01/02/25;0:9:25.312;0.0209;0.0363;10.065;0.3052;0.3662;-0.2441
01/02/25;0:9:25.818;0.0176;0.0360;10.063;0.3052;-0.2441;-0.6714
01/02/25;0:9:26.324;0.0160;0.0359;10.078;0.2441;-0.1831;-0.6714
01/02/25;0:9:26.830;0.0148;0.0352;10.076;0.2441;-0.1221;-0.6714
01/02/25;0:9:27.336;0.0133;0.0347;10.079;0.2441;-0.0610;-0.6104
01/02/25;0:9:27.842;0.0110;0.0334;10.081;0.3052;-0.2441;-0.6714
01/02/25;0:9:28.348;0.0114;0.0338;10.076;0.3052;-0.1831;-0.7324
01/02/25;0:9:28.854;0.0103;0.0330;10.071;0.3052;-0.1831;-0.7324
01/02/25;0:9:29.360;0.0096;0.0328;10.072;0.3052;-0.1831;-0.7324
01/02/25;0:9:29.866;0.0089;0.0325;10.074;0.3052;-0.3052;-0.7324
01/02/25;0:9:30.372;0.0074;0.0315;10.066;0.2441;-0.2441;-0.7935
01/02/25;0:9:30.878;0.0082;0.0325;10.071;0.3052;-0.3052;-0.7324
01/02/25;0:9:31.384;0.0076;0.0327;10.074;0.3052;-0.2441;-0.7935
01/02/25;0:9:31.890;0.0082;0.0316;10.065;0.3052;-0.2441;-0.7324
01/02/25;0:9:32.396;0.0076;0.0319;10.056;0.3052;-0.2441;-0.7324
01/02/25;0:9:32.902;0.0055;0.0327;10.090;0.3052;-0.2441;-0.7935
01/02/25;0:9:33.408;0.0063;0.0306;10.081;0.3052;-0.2441;-0.7935
01/02/25;0:9:33.915;0.0077;0.0311;10.072;0.3052;-0.3052;-0.7935
01/02/25;0:9:34.421;0.0059;0.0316;10.070;0.3052;-0.3052;-0.7324
01/02/25;0:9:34.927;0.0055;0.0315;10.084;0.3052;-0.3052;-0.7935
01/02/25;0:9:35.434;0.0062;0.0308;10.072;0.3052;-0.2441;-0.7935
01/02/25;0:9:35.940;0.0070;0.0319;10.073;0.3662;-0.2441;-0.7324
01/02/25;0:9:36.446;0.0067;0.0321;10.079;0.3052;-0.3052;-0.7324
01/02/25;0:9:36.953;0.0071;0.0322;10.073;0.3052;-0.3052;-0.7935
01/02/25;0:9:37.459;0.0071;0.0325;10.074;0.2441;-0.2441;-0.7324
01/02/25;0:9:37.965;0.0067;0.0319;10.072;0.3052;-0.3052;-0.7935
01/02/25;0:9:38.471;0.0071;0.0323;10.062;0.3052;-0.3052;-0.7935
01/02/25;0:9:38.977;0.0059;0.0322;10.079;0.3052;-0.3052;-0.7935
01/02/25;0:9:39.484;0.0067;0.0320;10.078;0.3052;-0.3052;-0.7935
01/02/25;0:9:39.990;0.0076;0.0327;10.072;0.2441;-0.3052;-0.7935
01/02/25;0:9:40.497;0.0055;0.0312;10.076;0.3052;-0.3052;-0.7324
01/02/25;0:9:41.004;0.0060;0.0315;10.076;0.3052;-0.3052;-0.7935
01/02/25;0:9:41.511;0.0057;0.0323;10.081;0.3052;-0.3052;-0.7935
01/02/25;0:9:42.017;0.0060;0.0326;10.083;0.3052;-0.2441;-0.7935
01/02/25;0:9:42.523;0.0067;0.0314;10.068;0.3052;-0.3052;-0.7935
01/02/25;0:9:43.029;0.0067;0.0319;10.057;0.3052;-0.3052;-0.7324
01/02/25;0:9:43.536;0.0076;0.0315;10.071;0.3052;-0.2441;-0.7935
01/02/25;0:9:44.042;0.0056;0.0331;10.070;0.3052;-0.3052;-0.7935
01/02/25;0:9:44.548;0.0071;0.0325;10.067;0.3052;-0.3052;-0.7935
01/02/25;0:9:45.054;0.0070;0.0306;10.073;0.3052;-0.3052;-0.7324
01/02/25;0:9:45.560;0.0065;0.0325;10.056;0.3052;-0.2441;-0.7935
01/02/25;0:9:46.066;0.0692;0.1057;0.9849;-31.128;103.760;0.5493
01/02/25;0:9:46.572;-0.0740;0.1537;0.9669;-213.623;805.054;714.111
01/02/25;0:9:47.078;0.1060;-0.0931;12.074;34.180;145.264;0.5493
01/02/25;0:9:47.584;-0.1259;0.2224;10.327;491.333;-410.767;-1.373.291
01/02/25;0:9:48.090;-0.2561;-0.0459;0.8802;440.674;-277.100;-869.141
01/02/25;0:9:48.596;0.0314;-0.3875;10.111;-1.021.729;114.746;899.048
01/02/25;0:9:49.102;-0.0172;0.3860;0.7898;641.479;174.561;444.336
01/02/25;0:9:49.608;0.2413;0.6290;0.9904;698.853;-453.491;-1.439.819
01/02/25;0:9:50.114;0.1108;0.2590;10.851;-333.252;-139.160;-829.468
01/02/25;0:9:50.620;0.2533;-0.0033;10.012;330.200;168.457;-278.931
01/02/25;0:9:51.126;0.8661;10.227;0.5615;-3.366.699;4.257.202;5.866.089
01/02/25;0:9:51.632;-0.2357;0.7114;0.4127;-37.842;82.397;-158.691
01/02/25;0:9:52.138;0.2410;0.1934;0.9651;-156.860;-75.684;54.321
01/02/25;0:9:52.644;0.0676;0.3987;0.9253;-985.107;-722.046;302.124
01/02/25;0:9:53.150;0.4738;0.1089;0.9023;-180.664;-186.157;-28.687
01/02/25;0:9:53.656;-0.1711;0.2078;0.6001;-285.034;2.081.299;1.359.253
01/02/25;0:9:54.162;-0.4407;0.1863;0.5559;-1.127.930;208.130;-1.663.818
01/02/25;0:9:54.668;0.4531;-0.2953;10.508;75.684;-132.446;-297.852
01/02/25;0:9:55.174;0.6812;-0.0680;10.605;247.192;599.365;18.311
01/02/25;0:9:55.680;-0.2933;0.7974;0.6683;-501.099;32.349;636.597
01/02/25;0:9:56.186;-0.1465;-0.2424;0.7343;-1.539.307;-1.524.658;-569.458
01/02/25;0:9:56.692;0.5758;-0.2568;0.7904;252.686;712.280;818.481
01/02/25;0:9:57.198;-0.6520;0.1968;0.7413;89.722;-306.396;-46.387
01/02/25;0:9:57.704;0.5179;-0.1666;0.8828;111.084;-48.218;-73.853
01/02/25;0:9:58.211;-0.1127;0.1815;0.6012;-1.101.685;2.582.397;2.189.941
01/02/25;0:9:58.717;-0.6462;-0.0861;0.7393;117.187;-142.212;-142.212
01/02/25;0:9:59.223;-0.0797;0.2975;0.9845;-14.038;-139.160;456.543
01/02/25;0:9:59.729;-0.0479;0.3892;10.487;263.062;204.468;-1.418.457
01/02/25;0:10:0.235;-0.0056;0.0070;0.9261;29.907;-29.297;-355.225
01/02/25;0:10:0.741;0.0646;-0.4548;0.9386;60.425;-48.218;-169.678
01/02/25;0:10:1.247;0.0322;-0.3868;0.9169;127.563;-28.687;36.011
01/02/25;0:10:1.753;-0.0476;-0.2102;0.8459;1.114.502;-26.245;90.942
01/02/25;0:10:2.259;0.0576;0.6501;0.9037;-1.354.980;48.218;300.293
01/02/25;0:10:2.765;-0.2883;-0.1857;0.8890;779.419;176.392;-76.904
01/02/25;0:10:3.271;0.2904;0.2104;0.9530;-460.205;-48.828;68.970
01/02/25;0:10:3.778;0.0001;-0.2653;10.209;66.528;-875.854;1.427.002
01/02/25;0:10:4.284;-0.2690;0.5764;0.8265;-63.477;-178.833;-190.430
01/02/25;0:10:4.790;0.2759;0.5554;11.910;-1.272.583;-1.323.242;-2.522.583
01/02/25;0:10:5.296;0.1627;-0.1195;10.082;-14.648;44.556;40.283
01/02/25;0:10:5.802;-0.0411;0.1909;0.8203;1.310.425;817.261;1.641.235
01/02/25;0:10:6.308;-0.1270;0.2397;10.366;173.950;-15.869;-280.151
01/02/25;0:10:6.814;0.0537;-0.0250;0.9261;-475.464;-535.278;-236.816
01/02/25;0:10:7.321;0.2605;-0.1154;0.9558;43.945;0.6104;29.297
01/02/25;0:10:7.827;0.2451;-0.0040;0.9893;0.7324;-28.076;-11.597
01/02/25;0:10:8.333;0.1937;-0.0117;0.9459;55.542;68.359;-32.959
01/02/25;0:10:8.839;0.2200;-0.2197;10.198;-0.6714;18.921;255.127
01/02/25;0:10:9.345;-0.0404;0.0038;0.8848;1.011.963;-518.188;1.030.884
01/02/25;0:10:9.851;0.1422;0.4229;0.9338;-1.163.940;-407.715;567.627
01/02/25;0:10:10.357;0.1711;0.8759;0.5350;1.289.062;-15.259;-194.092
01/02/25;0:10:10.863;0.0800;0.9648;-0.5881;509.644;-49.438;194.702
01/02/25;0:10:11.369;0.1584;0.3569;0.7770;-4.916.992;578.003;618.896
01/02/25;0:10:11.875;0.3077;0.0361;0.9165;-838.623;203.857;-1.782.227
01/02/25;0:10:12.381;0.0619;-0.4941;10.941;-44.556;200.195;557.861
01/02/25;0:10:12.887;-0.0968;-0.2710;0.9270;63.477;-0.0610;208.130
01/02/25;0:10:13.393;-0.0275;-0.1145;0.9658;65.308;-90.332;-88.501
01/02/25;0:10:13.899;0.2067;-0.1792;0.9341;-48.828;166.016;-183.716
01/02/25;0:10:14.405;0.1241;-0.0088;0.9381;39.673;291.748;1.237.183
01/02/25;0:10:14.911;0.0396;0.8088;0.6327;1.089.478;-296.631;-133.667
01/02/25;0:10:15.417;0.0502;0.5603;-0.8053;202.026;17.090;79.346
01/02/25;0:10:15.923;0.0548;0.6827;0.7635;251.465;1.746.216;2.122.803
01/02/25;0:10:16.429;0.6416;0.4526;19.142;-877.075;-2.779.541;-1.209.106
01/02/25;0:10:16.936;-0.0476;-0.1118;0.9956;1.458.130;111.694;814.209
01/02/25;0:10:17.442;0.0471;0.3473;0.9745;-737.305;-192.261;-538.940
01/02/25;0:10:17.948;0.0754;-0.0037;10.452;-91.553;-98.877;163.574
01/02/25;0:10:18.454;0.5437;-0.1421;0.8202;40.894;2.551.270;3.722.534
01/02/25;0:10:18.960;0.2130;-0.5247;11.586;-664.063;-1.140.747;-1.454.468
01/02/25;0:10:19.466;0.1760;-0.1814;10.002;-48.828;-73.242;631.104
01/02/25;0:10:19.972;-0.0765;0.7803;0.6915;-269.775;193.481;648.804
01/02/25;0:10:20.478;0.1761;-0.1855;11.077;-213.623;552.368;101.318
01/02/25;0:10:20.984;-0.0730;-0.0853;0.9851;-51.880;223.389;137.329
01/02/25;0:10:21.490;-0.0414;-0.1276;10.449;64.087;70.801;57.373
01/02/25;0:10:21.996;-0.1075;0.0121;10.242;-20.142;25.635;-46.997
01/02/25;0:10:22.502;-0.0332;0.5367;0.7899;-20.752;786.743;1.793.823
01/02/25;0:10:23.008;-0.1542;0.2156;10.878;-366.821;61.035;-308.228
01/02/25;0:10:23.514;0.3702;0.7783;0.9178;-86.060;-1.089.478;-48.218
01/02/25;0:10:24.020;-0.0149;0.4004;10.911;-336.914;853.271;1.956.177
01/02/25;0:10:24.526;0.3396;11.664;0.5381;1.356.201;-2.380.981;-3.707.275
01/02/25;0:10:25.033;0.1704;0.3304;0.9281;-414.429;-170.288;-286.865
01/02/25;0:10:25.539;-0.1946;0.3848;0.9033;332.031;778.809;700.684
01/02/25;0:10:26.046;-0.2720;0.1284;0.9501;-75.073;86.060;35.400
01/02/25;0:10:26.552;-0.3207;-0.0613;0.9644;-47.607;70.190;23.804
01/02/25;0:10:27.058;-0.2751;-0.2218;0.9175;103.149;-57.983;-84.229
01/02/25;0:10:27.564;-0.2152;0.0563;0.8668;-191.650;-139.771;-59.204
01/02/25;0:10:28.070;-0.1780;0.5699;0.8677;3.319.702;-167.236;-682.373
01/02/25;0:10:28.576;-0.0875;0.2701;10.234;-702.515;137.939;-43.335
01/02/25;0:10:29.082;-0.1628;0.2379;10.300;242.310;-150.146;-123.901
01/02/25;0:10:29.588;-0.2362;0.8988;0.1943;-374.756;-173.340;181.274
01/02/25;0:10:30.094;0.0403;0.3721;0.9225;-759.888;319.214;122.681
01/02/25;0:10:30.600;-0.1271;-0.0453;10.077;-307.617;170.898;301.514
01/02/25;0:10:31.106;-0.2512;-0.0800;10.121;648.193;-203.857;-277.710
01/02/25;0:10:31.612;-0.2854;0.1561;0.9648;-407.104;42.725;141.602
01/02/25;0:10:32.119;-0.1504;0.2743;0.9125;-133.667;-144.653;-730.591
01/02/25;0:10:32.625;0.0308;0.0707;0.9745;-240.479;-416.870;-587.769
01/02/25;0:10:33.131;-0.0212;0.2423;0.8574;418.091;687.866;1.228.027
01/02/25;0:10:33.637;-0.0469;0.3414;0.9652;-156.860;-363.770;-287.476
01/02/25;0:10:34.143;0.1552;0.1742;0.8854;-815.430;-164.795;-1.562.500
01/02/25;0:10:34.649;0.1487;0.0707;0.9900;-136.719;37.231;253.296
01/02/25;0:10:35.155;0.1827;0.1157;0.9958;-69.580;-23.193;89.722
01/02/25;0:10:35.661;0.2281;0.1489;10.469;-201.416;-33.569;425.415
01/02/25;0:10:36.167;0.1514;0.1309;0.9833;1.048.584;53.101;-446.167
01/02/25;0:10:36.673;0.1434;0.9089;0.4531;88.501;39.062;0.6714
01/02/25;0:10:37.179;0.2507;0.3732;0.9812;-955.200;485.229;-0.9155
01/02/25;0:10:37.685;0.1658;0.0259;12.224;789.185;-203.857;2.429.199
01/02/25;0:10:38.191;-0.0428;0.5546;0.8171;-145.874;-125.732;-84.839
01/02/25;0:10:38.698;0.1823;0.2092;0.9131;-326.538;12.817;-329.590
01/02/25;0:10:39.204;0.2117;0.1210;0.9286;186.768;-32.349;-65.918
01/02/25;0:10:39.710;0.2675;0.2933;0.8508;12.207;-143.433;-293.579
01/02/25;0:10:40.216;0.2908;-0.2106;10.107;130.005;114.746;695.190
01/02/25;0:10:40.722;0.0197;0.3521;0.9180;108.643;-171.509;-298.462
01/02/25;0:10:41.228;0.1562;-0.3303;14.884;-371.094;-556.030;-311.890
01/02/25;0:10:41.735;0.0916;-0.1733;11.979;-21.362;1.300.659;1.942.749
01/02/25;0:10:42.242;-0.0621;0.4587;0.9393;31.128;-532.227;-440.063
01/02/25;0:10:42.748;0.2947;0.1947;0.9048;-396.729;-162.354;-325.928
01/02/25;0:10:43.254;0.3668;-0.1890;0.9161;-377.197;111.084;-196.533
01/02/25;0:10:43.760;0.2358;-0.1379;0.8551;438.843;191.650;1.439.209
01/02/25;0:10:44.266;0.4778;0.7089;0.8827;-880.127;-438.843;-1.461.182
01/02/25;0:10:44.772;0.9349;0.4622;11.218;-187.378;1.626.587;4.996.338
01/02/25;0:10:45.278;0.3690;-0.0875;10.045;1.558.838;601.807;2.473.145
01/02/25;0:10:45.784;0.6479;0.6412;0.8754;-1.098.633;464.478;4.556.885
01/02/25;0:10:46.290;0.3718;20.743;17.104;-952.759;1.539.917;-2.131.348
01/02/25;0:10:46.796;0.0608;-10.125;14.001;-142.212;-62.866;48.828
01/02/25;0:10:47.303;0.1268;12.188;0.6993;370.483;434.570;-1.464.844
01/02/25;0:10:47.809;0.2625;0.2939;0.9541;-2.194.824;-1.290.283;-1.216.431
01/02/25;0:10:48.315;0.0370;0.8767;0.8936;379.028;-20.142;-1.470.947
01/02/25;0:10:48.821;-0.0560;-0.1735;0.9615;225.830;182.495;405.884
01/02/25;0:10:49.327;0.2366;-0.5985;13.313;-413.818;-178.223;-208.740
01/02/25;0:10:49.833;0.4391;-11.062;10.602;-193.481;-1.209.717;-1.781.006
01/02/25;0:10:50.339;0.0131;-0.1005;0.7943;850.830;111.084;881.958
01/02/25;0:10:50.845;0.4932;-0.4181;0.8201;256.348;703.735;260.010
01/02/25;0:10:51.351;0.1959;-0.0936;0.9203;870.361;1.378.174;390.015
01/02/25;0:10:51.857;0.0188;-0.0176;0.6870;605.469;1.329.956;175.171
01/02/25;0:10:52.363;-0.1996;0.0262;0.6422;739.136;693.970;433.960
01/02/25;0:10:52.869;-0.0867;0.5616;0.3993;-1.049.194;-1.719.971;1.529.541
01/02/25;0:10:53.375;0.5442;-0.3708;14.956;-131.226;-49.438;-1.433.105
01/02/25;0:10:53.881;-0.0188;0.8080;0.3729;-139.771;-101.318;2.028.198
01/02/25;0:10:54.387;0.6802;-0.6064;15.897;435.791;910.645;-903.320
01/02/25;0:10:54.893;0.0308;0.1403;0.7452;944.824;1.188.965;463.257
01/02/25;0:10:55.399;-0.1139;0.7194;0.6324;-562.134;-530.396;438.843
01/02/25;0:10:55.905;0.0946;0.3682;0.8173;-512.695;-615.234;-540.771
01/02/25;0:10:56.412;0.4575;-0.0365;11.359;-830.078;-1.177.979;-1.036.987
01/02/25;0:10:56.919;0.0907;0.2006;0.9235;-932.007;-805.664;-667.114
01/02/25;0:10:57.426;0.4044;-0.3455;13.541;504.761;1.021.729;-831.299
01/02/25;0:10:57.932;-0.2003;0.3101;0.5375;350.952;579.224;1.146.851
01/02/25;0:10:58.438;-0.0775;0.3588;0.7354;-213.013;-419.922;-87.891
01/02/25;0:10:58.944;-0.0530;0.0146;0.9858;-53.711;270.386;133.057
01/02/25;0:10:59.451;-0.0934;-0.1550;0.9875;12.817;198.975;17.700
01/02/25;0:10:59.957;-0.0920;-0.0308;0.9780;347.290;-48.218;-123.901
01/02/25;0:11:0.463;0.1715;-0.1046;11.383;-276.489;-573.730;-764.160
01/02/25;0:11:0.969;-0.0597;-0.0338;0.9299;106.812;-21.973;-154.419
01/02/25;0:11:1.476;0.0083;0.1051;0.6021;-1.044.312;-571.899;3.830.566
01/02/25;0:11:1.982;0.4517;-0.3459;13.236;-664.063;-13.428;-892.334
01/02/25;0:11:2.488;0.1243;0.7712;0.9336;-1.076.050;-406.494;-560.913
01/02/25;0:11:2.994;0.0249;-0.4351;10.482;692.749;691.528;578.613
01/02/25;0:11:3.500;0.2023;-0.5492;0.9126;-792.847;-825.806;-2.223.511
01/02/25;0:11:4.006;0.0349;-0.0422;10.045;54.932;0.4883;-59.204
01/02/25;0:11:4.512;0.0374;0.0149;10.667;-47.607;-40.894;23.193
01/02/25;0:11:5.018;0.2374;0.1366;10.699;299.683;-94.604;-1.113.892
01/02/25;0:11:5.524;0.1058;0.3110;0.9893;711.670;-1.314.697;-793.457
01/02/25;0:11:6.030;0.4142;-0.0757;0.8226;-418.091;191.650;1.043.091
01/02/25;0:11:6.537;0.2383;0.0719;0.9768;830.688;190.430;401.611
01/02/25;0:11:7.043;0.1498;0.0345;0.9977;0.3052;-0.3052;-0.7935
01/02/25;0:11:7.549;0.1506;0.0349;0.9939;0.3052;-0.2441;-0.6714
01/02/25;0:11:8.055;0.1490;0.0336;0.9969;0.3052;-0.1831;-0.7324
01/02/25;0:11:8.561;0.1477;0.0356;0.9969;0.3052;-0.2441;-0.6714
01/02/25;0:11:9.067;0.1471;0.0389;0.9967;0.3662;0.0000;-0.4272
01/02/25;0:11:9.573;0.1451;0.0352;0.9984;0.3052;-0.2441;-0.7935
01/02/25;0:11:10.079;0.1447;0.0334;0.9982;0.3052;0.0610;-0.4272
01/02/25;0:11:10.585;0.1432;0.0358;0.9984;0.3052;-0.2441;-0.7935
